data,volume_processado_ton
2020-01-01,2454.15
2020-01-02,2325.67
2020-01-03,2371.18
2020-01-04,2469.36
2020-01-05,2260.8
2020-01-06,2386.5
2020-01-07,2784.22
2020-01-08,2717.54
2020-01-09,2499.01
2020-01-10,2578.6
2020-01-11,2394.69
2020-01-12,2449.4
2020-01-13,2681.23
2020-01-14,2483.59
2020-01-15,2566.78
2020-01-16,2707.96
2020-01-17,2567.9
2020-01-18,2733.6
2020-01-19,2604.92
2020-01-20,2654.49
2020-01-21,3211.29
2020-01-22,3011.92
2020-01-23,3022.04
2020-01-24,2725.0
2020-01-25,2822.91
2020-01-26,2975.02
2020-01-27,2910.03
2020-01-28,3263.17
2020-01-29,3170.04
2020-01-30,3181.42
2020-01-31,3060.55
2020-02-01,3393.3
2020-02-02,3165.96
2020-02-03,3132.3
2020-02-04,3537.08
2020-02-05,3282.43
2020-02-06,3460.41
2020-02-07,3059.2
2020-02-08,3116.93
2020-02-09,3396.54
2020-02-10,3599.0
2020-02-11,3634.88
2020-02-12,3641.83
2020-02-13,3575.62
2020-02-14,3321.11
2020-02-15,3395.91
2020-02-16,3483.56
2020-02-17,3830.32
2020-02-18,3842.06
2020-02-19,3573.83
2020-02-20,3846.23
2020-02-21,3659.62
2020-02-22,3574.46
2020-02-23,3814.09
2020-02-24,3993.61
2020-02-25,4094.89
2020-02-26,3874.51
2020-02-27,3910.72
2020-02-28,3923.9
2020-02-29,3976.44
2020-03-01,3801.83
2020-03-02,3959.68
2020-03-03,3934.97
2020-03-04,3963.81
2020-03-05,4218.91
2020-03-06,4214.62
2020-03-07,3953.29
2020-03-08,4155.17
2020-03-09,4169.64
2020-03-10,4128.92
2020-03-11,4319.07
2020-03-12,4446.19
2020-03-13,4121.04
2020-03-14,4310.78
2020-03-15,3720.41
2020-03-16,4344.1
2020-03-17,4340.83
2020-03-18,4318.74
2020-03-19,4324.59
2020-03-20,3920.21
2020-03-21,4131.62
2020-03-22,4251.96
2020-03-23,4524.04
2020-03-24,4328.07
2020-03-25,4316.83
2020-03-26,4306.52
2020-03-27,4423.04
2020-03-28,4277.69
2020-03-29,4179.13
2020-03-30,4435.93
2020-03-31,4473.32
2020-04-01,4632.7
2020-04-02,4322.11
2020-04-03,4278.55
2020-04-04,4207.85
2020-04-05,4073.66
2020-04-06,4434.25
2020-04-07,4525.1
2020-04-08,4511.64
2020-04-09,4411.99
2020-04-10,4131.44
2020-04-11,4215.88
2020-04-12,4250.37
2020-04-13,4274.35
2020-04-14,4462.89
2020-04-15,4568.9
2020-04-16,4723.8
2020-04-17,4359.9
2020-04-18,4303.87
2020-04-19,4273.17
2020-04-20,4085.74
2020-04-21,4458.27
2020-04-22,4488.81
2020-04-23,4778.17
2020-04-24,4269.01
2020-04-25,4270.97
2020-04-26,4236.0
2020-04-27,4151.5
2020-04-28,4583.32
2020-04-29,4538.62
2020-04-30,4469.83
2020-05-01,4100.4
2020-05-02,4371.58
2020-05-03,3962.83
2020-05-04,4343.25
2020-05-05,4665.42
2020-05-06,4198.77
2020-05-07,4184.34
2020-05-08,4166.48
2020-05-09,3997.0
2020-05-10,3848.54
2020-05-11,4170.24
2020-05-12,4078.96
2020-05-13,4316.61
2020-05-14,4026.37
2020-05-15,4275.85
2020-05-16,3843.72
2020-05-17,3918.41
2020-05-18,4164.49
2020-05-19,3933.15
2020-05-20,4156.16
2020-05-21,4233.88
2020-05-22,3672.84
2020-05-23,3856.62
2020-05-24,3870.59
2020-05-25,4021.82
2020-05-26,3791.58
2020-05-27,3780.61
2020-05-28,3970.06
2020-05-29,3809.85
2020-05-30,3715.27
2020-05-31,3729.82
2020-06-01,3646.31
2020-06-02,3853.29
2020-06-03,3861.59
2020-06-04,3621.24
2020-06-05,3879.51
2020-06-06,3580.88
2020-06-07,3329.08
2020-06-08,3674.6
2020-06-09,3497.98
2020-06-10,3759.4
2020-06-11,3723.92
2020-06-12,3296.37
2020-06-13,3472.29
2020-06-14,3385.87
2020-06-15,3513.86
2020-06-16,3741.44
2020-06-17,3415.64
2020-06-18,3246.61
2020-06-19,3094.07
2020-06-20,3011.98
2020-06-21,3117.56
2020-06-22,3245.56
2020-06-23,3300.99
2020-06-24,3377.88
2020-06-25,3161.82
2020-06-26,3244.63
2020-06-27,2892.73
2020-06-28,3334.25
2020-06-29,3084.43
2020-06-30,2926.26
2020-07-01,2887.73
2020-07-02,3026.08
2020-07-03,2786.27
2020-07-04,2832.11
2020-07-05,2789.27
2020-07-06,2771.25
2020-07-07,2719.01
2020-07-08,2611.98
2020-07-09,2677.3
2020-07-10,2738.61
2020-07-11,2547.34
2020-07-12,2321.55
2020-07-13,2598.26
2020-07-14,2693.97
2020-07-15,2496.89
2020-07-16,2557.77
2020-07-17,2409.55
2020-07-18,2134.75
2020-07-19,2353.41
2020-07-20,2448.15
2020-07-21,2590.88
2020-07-22,2580.34
2020-07-23,2121.49
2020-07-24,2054.25
2020-07-25,2178.3
2020-07-26,2172.47
2020-07-27,2237.82
2020-07-28,2803.79
2020-07-29,2306.36
2020-07-30,2297.98
2020-07-31,2138.64
2020-08-01,2000.55
2020-08-02,1851.15
2020-08-03,2078.74
2020-08-04,1915.65
2020-08-05,1992.31
2020-08-06,1863.42
2020-08-07,1817.94
2020-08-08,2061.76
2020-08-09,1431.72
2020-08-10,1882.91
2020-08-11,1606.51
2020-08-12,1775.71
2020-08-13,1920.11
2020-08-14,1637.78
2020-08-15,1377.35
2020-08-16,1431.01
2020-08-17,1710.51
2020-08-18,1569.6
2020-08-19,1711.9
2020-08-20,1598.79
2020-08-21,1367.89
2020-08-22,1700.45
2020-08-23,1475.64
2020-08-24,1149.49
2020-08-25,1554.31
2020-08-26,1429.9
2020-08-27,1572.15
2020-08-28,1201.71
2020-08-29,1219.29
2020-08-30,1316.66
2020-08-31,1446.25
2020-09-01,1212.24
2020-09-02,1347.79
2020-09-03,1244.73
2020-09-04,1097.21
2020-09-05,1378.91
2020-09-06,1182.27
2020-09-07,1010.91
2020-09-08,1416.71
2020-09-09,1606.15
2020-09-10,1363.86
2020-09-11,863.51
2020-09-12,940.88
2020-09-13,1214.24
2020-09-14,999.86
2020-09-15,1254.88
2020-09-16,1316.64
2020-09-17,985.94
2020-09-18,1001.87
2020-09-19,800.0
2020-09-20,800.0
2020-09-21,997.85
2020-09-22,934.36
2020-09-23,1382.04
2020-09-24,850.73
2020-09-25,888.62
2020-09-26,903.34
2020-09-27,1117.64
2020-09-28,800.0
2020-09-29,1254.23
2020-09-30,1100.58
2020-10-01,883.54
2020-10-02,993.13
2020-10-03,886.45
2020-10-04,800.0
2020-10-05,981.05
2020-10-06,1005.9
2020-10-07,1103.73
2020-10-08,1121.46
2020-10-09,1156.8
2020-10-10,800.0
2020-10-11,1200.49
2020-10-12,800.0
2020-10-13,1050.92
2020-10-14,1188.66
2020-10-15,1081.72
2020-10-16,846.65
2020-10-17,849.05
2020-10-18,835.16
2020-10-19,920.72
2020-10-20,1237.11
2020-10-21,1193.63
2020-10-22,978.98
2020-10-23,1122.01
2020-10-24,977.03
2020-10-25,1085.35
2020-10-26,1161.51
2020-10-27,1046.87
2020-10-28,1121.2
2020-10-29,1263.74
2020-10-30,1150.91
2020-10-31,1003.63
2020-11-01,1060.37
2020-11-02,1341.57
2020-11-03,1168.81
2020-11-04,1377.08
2020-11-05,1214.53
2020-11-06,1123.32
2020-11-07,1271.58
2020-11-08,1269.93
2020-11-09,1378.61
2020-11-10,1563.32
2020-11-11,1411.38
2020-11-12,1463.59
2020-11-13,1229.07
2020-11-14,1278.19
2020-11-15,1252.53
2020-11-16,1400.16
2020-11-17,1588.86
2020-11-18,1420.6
2020-11-19,1813.25
2020-11-20,1265.74
2020-11-21,1191.37
2020-11-22,1592.56
2020-11-23,1653.97
2020-11-24,1745.6
2020-11-25,1792.72
2020-11-26,1655.38
2020-11-27,1442.53
2020-11-28,1547.95
2020-11-29,1482.9
2020-11-30,1849.63
2020-12-01,1800.53
2020-12-02,1747.65
2020-12-03,1784.38
2020-12-04,1816.75
2020-12-05,1631.97
2020-12-06,1643.31
2020-12-07,1924.24
2020-12-08,2045.76
2020-12-09,1983.92
2020-12-10,1952.42
2020-12-11,1982.05
2020-12-12,1693.64
2020-12-13,1751.68
2020-12-14,1977.86
2020-12-15,2176.66
2020-12-16,2307.93
2020-12-17,2447.32
2020-12-18,2280.37
2020-12-19,2092.84
2020-12-20,2167.36
2020-12-21,2144.03
2020-12-22,2415.99
2020-12-23,2429.34
2020-12-24,2486.96
2020-12-25,2241.31
2020-12-26,2409.47
2020-12-27,2615.87
2020-12-28,2494.79
2020-12-29,2696.61
2020-12-30,2794.57
2020-12-31,2597.53
2021-01-01,2595.83
2021-01-02,2530.87
2021-01-03,2598.55
2021-01-04,2593.57
2021-01-05,2838.86
2021-01-06,2964.94
2021-01-07,3074.89
2021-01-08,2928.89
2021-01-09,3074.98
2021-01-10,2691.99
2021-01-11,3063.67
2021-01-12,3086.03
2021-01-13,3442.03
2021-01-14,2959.21
2021-01-15,2882.13
2021-01-16,2884.97
2021-01-17,2711.11
2021-01-18,3076.22
2021-01-19,3166.52
2021-01-20,3357.51
2021-01-21,3352.58
2021-01-22,3509.78
2021-01-23,3337.05
2021-01-24,3162.05
2021-01-25,3238.43
2021-01-26,3571.44
2021-01-27,3353.27
2021-01-28,3791.41
2021-01-29,3619.62
2021-01-30,3337.37
2021-01-31,3203.71
2021-02-01,3787.16
2021-02-02,3690.08
2021-02-03,3945.25
2021-02-04,3484.41
2021-02-05,3558.22
2021-02-06,3612.44
2021-02-07,3670.07
2021-02-08,3717.27
2021-02-09,3999.71
2021-02-10,3796.71
2021-02-11,3897.69
2021-02-12,3859.79
2021-02-13,3880.53
2021-02-14,3959.51
2021-02-15,3803.81
2021-02-16,3861.81
2021-02-17,4332.03
2021-02-18,4150.24
2021-02-19,3908.59
2021-02-20,4212.86
2021-02-21,4044.61
2021-02-22,4321.52
2021-02-23,4271.74
2021-02-24,4616.69
2021-02-25,4528.37
2021-02-26,4145.62
2021-02-27,4285.41
2021-02-28,4280.89
2021-03-01,4504.03
2021-03-02,4268.23
2021-03-03,4559.05
2021-03-04,4569.56
2021-03-05,4062.0
2021-03-06,4102.12
2021-03-07,4015.17
2021-03-08,4392.3
2021-03-09,4651.54
2021-03-10,4809.37
2021-03-11,4546.68
2021-03-12,4691.73
2021-03-13,4191.04
2021-03-14,4180.78
2021-03-15,4536.37
2021-03-16,4710.25
2021-03-17,4684.53
2021-03-18,4327.53
2021-03-19,4532.8
2021-03-20,4297.72
2021-03-21,4628.67
2021-03-22,4688.18
2021-03-23,4596.68
2021-03-24,4693.9
2021-03-25,4556.8
2021-03-26,4611.27
2021-03-27,4707.62
2021-03-28,4447.75
2021-03-29,4772.6
2021-03-30,4718.32
2021-03-31,4708.63
2021-04-01,4752.58
2021-04-02,4514.69
2021-04-03,4526.94
2021-04-04,4457.9
2021-04-05,5029.99
2021-04-06,4837.75
2021-04-07,4753.5
2021-04-08,4827.92
2021-04-09,4676.6
2021-04-10,4596.61
2021-04-11,4745.74
2021-04-12,4861.22
2021-04-13,4761.47
2021-04-14,4776.94
2021-04-15,4755.7
2021-04-16,4345.57
2021-04-17,4396.16
2021-04-18,4848.62
2021-04-19,4980.6
2021-04-20,4786.25
2021-04-21,4928.65
2021-04-22,4818.81
2021-04-23,5124.17
2021-04-24,4759.19
2021-04-25,4588.55
2021-04-26,4551.03
2021-04-27,4539.5
2021-04-28,4825.94
2021-04-29,4608.32
2021-04-30,4395.07
2021-05-01,4436.76
2021-05-02,4384.45
2021-05-03,4882.85
2021-05-04,4844.63
2021-05-05,4722.65
2021-05-06,4868.72
2021-05-07,4541.53
2021-05-08,4322.66
2021-05-09,4689.87
2021-05-10,4621.98
2021-05-11,4464.82
2021-05-12,4600.02
2021-05-13,4416.84
2021-05-14,4220.72
2021-05-15,4485.78
2021-05-16,4639.65
2021-05-17,4220.04
2021-05-18,4590.43
2021-05-19,4413.48
2021-05-20,4354.59
2021-05-21,4215.76
2021-05-22,4090.78
2021-05-23,4231.11
2021-05-24,4172.91
2021-05-25,4411.44
2021-05-26,4365.63
2021-05-27,4251.15
2021-05-28,4025.11
2021-05-29,3987.83
2021-05-30,4188.49
2021-05-31,4221.46
2021-06-01,4070.49
2021-06-02,4231.84
2021-06-03,4241.04
2021-06-04,3749.79
2021-06-05,3992.47
2021-06-06,3810.13
2021-06-07,4064.02
2021-06-08,3932.56
2021-06-09,3774.01
2021-06-10,3709.93
2021-06-11,3831.12
2021-06-12,3771.66
2021-06-13,3593.7
2021-06-14,3892.19
2021-06-15,3613.99
2021-06-16,3849.26
2021-06-17,3585.15
2021-06-18,3537.24
2021-06-19,3549.35
2021-06-20,3408.31
2021-06-21,3545.29
2021-06-22,3819.34
2021-06-23,3576.47
2021-06-24,3694.72
2021-06-25,3266.91
2021-06-26,3421.91
2021-06-27,3552.71
2021-06-28,3030.3
2021-06-29,3345.96
2021-06-30,3545.76
2021-07-01,3334.26
2021-07-02,3286.6
2021-07-03,3045.68
2021-07-04,3142.65
2021-07-05,3170.28
2021-07-06,3432.72
2021-07-07,3288.95
2021-07-08,3206.54
2021-07-09,2960.0
2021-07-10,2853.71
2021-07-11,2855.14
2021-07-12,3043.01
2021-07-13,2984.54
2021-07-14,3084.36
2021-07-15,3257.36
2021-07-16,2942.71
2021-07-17,2668.38
2021-07-18,2890.87
2021-07-19,2713.6
2021-07-20,2533.3
2021-07-21,2681.44
2021-07-22,2457.68
2021-07-23,2552.12
2021-07-24,2513.47
2021-07-25,2756.26
2021-07-26,2618.7
2021-07-27,2601.81
2021-07-28,2753.59
2021-07-29,2204.09
2021-07-30,2438.64
2021-07-31,2425.84
2021-08-01,2083.63
2021-08-02,2543.02
2021-08-03,2488.48
2021-08-04,2371.22
2021-08-05,2436.37
2021-08-06,2551.01
2021-08-07,2146.08
2021-08-08,2152.77
2021-08-09,2114.27
2021-08-10,2123.6
2021-08-11,2373.14
2021-08-12,2029.88
2021-08-13,2039.8
2021-08-14,1867.69
2021-08-15,2009.86
2021-08-16,2057.69
2021-08-17,2233.21
2021-08-18,2000.69
2021-08-19,1948.55
2021-08-20,1715.19
2021-08-21,1707.89
2021-08-22,1832.1
2021-08-23,1961.02
2021-08-24,1781.49
2021-08-25,2052.32
2021-08-26,2039.56
2021-08-27,1773.75
2021-08-28,1908.37
2021-08-29,1514.39
2021-08-30,1518.42
2021-08-31,1513.37
2021-09-01,2009.42
2021-09-02,1800.32
2021-09-03,1572.2
2021-09-04,1540.54
2021-09-05,1336.26
2021-09-06,1949.58
2021-09-07,1680.17
2021-09-08,1685.08
2021-09-09,1697.77
2021-09-10,1542.55
2021-09-11,1425.14
2021-09-12,1282.72
2021-09-13,1552.86
2021-09-14,1845.77
2021-09-15,1776.44
2021-09-16,1737.16
2021-09-17,1306.33
2021-09-18,1159.11
2021-09-19,1301.8
2021-09-20,1413.3
2021-09-21,1653.85
2021-09-22,1250.49
2021-09-23,1660.83
2021-09-24,1296.05
2021-09-25,1183.79
2021-09-26,1112.69
2021-09-27,1104.12
2021-09-28,1564.2
2021-09-29,1469.96
2021-09-30,1196.14
2021-10-01,1087.36
2021-10-02,1162.97
2021-10-03,1484.04
2021-10-04,1286.27
2021-10-05,1191.8
2021-10-06,1402.34
2021-10-07,1332.67
2021-10-08,864.74
2021-10-09,1196.56
2021-10-10,1194.13
2021-10-11,1428.45
2021-10-12,1697.14
2021-10-13,1614.45
2021-10-14,1343.23
2021-10-15,1117.0
2021-10-16,1608.15
2021-10-17,1258.81
2021-10-18,1350.98
2021-10-19,1444.76
2021-10-20,1507.46
2021-10-21,1397.89
2021-10-22,1236.6
2021-10-23,1183.46
2021-10-24,1292.03
2021-10-25,1318.05
2021-10-26,1395.76
2021-10-27,1551.65
2021-10-28,1442.85
2021-10-29,1613.4
2021-10-30,936.57
2021-10-31,1532.96
2021-11-01,1662.3
2021-11-02,1271.04
2021-11-03,1567.14
2021-11-04,1511.71
2021-11-05,1266.46
2021-11-06,1310.76
2021-11-07,1299.26
2021-11-08,1838.22
2021-11-09,1825.74
2021-11-10,1915.93
2021-11-11,1785.63
2021-11-12,1421.44
2021-11-13,1465.2
2021-11-14,1658.89
2021-11-15,1514.87
2021-11-16,1918.27
2021-11-17,1818.18
2021-11-18,1753.24
2021-11-19,1832.55
2021-11-20,1748.6
2021-11-21,1672.37
2021-11-22,2016.02
2021-11-23,1795.96
2021-11-24,2096.24
2021-11-25,2050.82
2021-11-26,1834.6
2021-11-27,1888.71
2021-11-28,1699.32
2021-11-29,2143.8
2021-11-30,2096.01
2021-12-01,2093.58
2021-12-02,2289.81
2021-12-03,1948.4
2021-12-04,1803.89
2021-12-05,1831.19
2021-12-06,2276.05
2021-12-07,2113.85
2021-12-08,2619.53
2021-12-09,2006.6
2021-12-10,2497.0
2021-12-11,2237.3
2021-12-12,2242.61
2021-12-13,2297.74
2021-12-14,2561.94
2021-12-15,2548.6
2021-12-16,2684.05
2021-12-17,2461.0
2021-12-18,2431.13
2021-12-19,2407.06
2021-12-20,2576.91
2021-12-21,2755.65
2021-12-22,2506.51
2021-12-23,2526.42
2021-12-24,2766.7
2021-12-25,2646.75
2021-12-26,2647.67
2021-12-27,2802.96
2021-12-28,2977.37
2021-12-29,2898.76
2021-12-30,2829.48
2021-12-31,2902.99
2022-01-01,2701.2
2022-01-02,2964.06
2022-01-03,2773.0
2022-01-04,3308.38
2022-01-05,3279.92
2022-01-06,3214.38
2022-01-07,3251.15
2022-01-08,3320.56
2022-01-09,3278.0
2022-01-10,2975.45
2022-01-11,3185.37
2022-01-12,3338.65
2022-01-13,3403.22
2022-01-14,3404.64
2022-01-15,3184.97
2022-01-16,3376.73
2022-01-17,3360.88
2022-01-18,3507.85
2022-01-19,3443.23
2022-01-20,3482.21
2022-01-21,3345.1
2022-01-22,3367.72
2022-01-23,3726.37
2022-01-24,3550.66
2022-01-25,4212.54
2022-01-26,3945.49
2022-01-27,3864.77
2022-01-28,3634.48
2022-01-29,3833.5
2022-01-30,3695.24
2022-01-31,3923.47
2022-02-01,4412.58
2022-02-02,4066.69
2022-02-03,4217.71
2022-02-04,3864.63
2022-02-05,3928.62
2022-02-06,4251.11
2022-02-07,4013.46
2022-02-08,4501.14
2022-02-09,4386.28
2022-02-10,4158.23
2022-02-11,4260.45
2022-02-12,4273.38
2022-02-13,4270.47
2022-02-14,4061.72
2022-02-15,4307.92
2022-02-16,4428.64
2022-02-17,4414.95
2022-02-18,4440.03
2022-02-19,4333.26
2022-02-20,4153.73
2022-02-21,4528.78
2022-02-22,4680.7
2022-02-23,4719.42
2022-02-24,4755.44
2022-02-25,4636.69
2022-02-26,4537.59
2022-02-27,4502.99
2022-02-28,4379.43
2022-03-01,4807.66
2022-03-02,4817.96
2022-03-03,4782.62
2022-03-04,4465.82
2022-03-05,4449.4
2022-03-06,4811.42
2022-03-07,4759.61
2022-03-08,4979.42
2022-03-09,4922.0
2022-03-10,4874.22
2022-03-11,4922.84
2022-03-12,4655.77
2022-03-13,4786.31
2022-03-14,4811.44
2022-03-15,4924.02
2022-03-16,4980.1
2022-03-17,5008.5
2022-03-18,4812.37
2022-03-19,5020.27
2022-03-20,4733.04
2022-03-21,4944.68
2022-03-22,5011.72
2022-03-23,5328.55
2022-03-24,5086.2
2022-03-25,5117.0
2022-03-26,4683.58
2022-03-27,4978.25
2022-03-28,5173.54
2022-03-29,5153.83
2022-03-30,5331.53
2022-03-31,5035.71
2022-04-01,5226.57
2022-04-02,5300.55
2022-04-03,4929.41
2022-04-04,5015.24
2022-04-05,5397.78
2022-04-06,5443.23
2022-04-07,5065.77
2022-04-08,4979.33
2022-04-09,4936.92
2022-04-10,4801.92
2022-04-11,4960.31
2022-04-12,5041.47
2022-04-13,5099.72
2022-04-14,5143.86
2022-04-15,5078.63
2022-04-16,5209.18
2022-04-17,4847.53
2022-04-18,5235.73
2022-04-19,5146.25
2022-04-20,5190.02
2022-04-21,5229.14
2022-04-22,4850.25
2022-04-23,5005.45
2022-04-24,4990.06
2022-04-25,5126.1
2022-04-26,5182.23
2022-04-27,5522.61
2022-04-28,4985.5
2022-04-29,4888.66
2022-04-30,4800.68
2022-05-01,4824.26
2022-05-02,4895.57
2022-05-03,5252.62
2022-05-04,5299.29
2022-05-05,4923.98
2022-05-06,4768.41
2022-05-07,4886.38
2022-05-08,4742.86
2022-05-09,5000.83
2022-05-10,5016.07
2022-05-11,4766.89
2022-05-12,5146.44
2022-05-13,5064.1
2022-05-14,4621.96
2022-05-15,4662.54
2022-05-16,4840.6
2022-05-17,4924.48
2022-05-18,4978.61
2022-05-19,5098.35
2022-05-20,4647.65
2022-05-21,4470.62
2022-05-22,4387.32
2022-05-23,4558.68
2022-05-24,4737.07
2022-05-25,5013.9
2022-05-26,4581.27
2022-05-27,4567.1
2022-05-28,4444.53
2022-05-29,4626.44
2022-05-30,4898.71
2022-05-31,4511.18
2022-06-01,4517.54
2022-06-02,4659.3
2022-06-03,4477.15
2022-06-04,4562.95
2022-06-05,4372.39
2022-06-06,4300.11
2022-06-07,4511.51
2022-06-08,4587.19
2022-06-09,4453.55
2022-06-10,4276.69
2022-06-11,4269.65
2022-06-12,4281.94
2022-06-13,4381.16
2022-06-14,4338.2
2022-06-15,4211.99
2022-06-16,4166.92
2022-06-17,4194.31
2022-06-18,3798.22
2022-06-19,3971.39
2022-06-20,3922.86
2022-06-21,4051.77
2022-06-22,4234.01
2022-06-23,3977.42
2022-06-24,3822.87
2022-06-25,3518.13
2022-06-26,3828.22
2022-06-27,3877.79
2022-06-28,4170.02
2022-06-29,3793.17
2022-06-30,3777.82
2022-07-01,3648.66
2022-07-02,3753.29
2022-07-03,3495.83
2022-07-04,3616.0
2022-07-05,3729.31
2022-07-06,3659.39
2022-07-07,3469.57
2022-07-08,3431.55
2022-07-09,3468.57
2022-07-10,3146.72
2022-07-11,3384.46
2022-07-12,3323.32
2022-07-13,3600.78
2022-07-14,3098.16
2022-07-15,3108.75
2022-07-16,3154.36
2022-07-17,3325.95
2022-07-18,3145.32
2022-07-19,3136.02
2022-07-20,3495.03
2022-07-21,2901.2
2022-07-22,2655.02
2022-07-23,2956.59
2022-07-24,2809.24
2022-07-25,2796.1
2022-07-26,3120.4
2022-07-27,3045.08
2022-07-28,2830.31
2022-07-29,2590.25
2022-07-30,2819.91
2022-07-31,2781.58
2022-08-01,2735.03
2022-08-02,3092.94
2022-08-03,2651.03
2022-08-04,2490.43
2022-08-05,2484.2
2022-08-06,2489.31
2022-08-07,2529.14
2022-08-08,2523.84
2022-08-09,2680.47
2022-08-10,2437.18
2022-08-11,2750.9
2022-08-12,2392.51
2022-08-13,2482.4
2022-08-14,2364.59
2022-08-15,2451.01
2022-08-16,2537.59
2022-08-17,2518.57
2022-08-18,2459.34
2022-08-19,2434.94
2022-08-20,2177.23
2022-08-21,2254.72
2022-08-22,2206.53
2022-08-23,2507.98
2022-08-24,2192.2
2022-08-25,2477.76
2022-08-26,2076.73
2022-08-27,1782.86
2022-08-28,2019.91
2022-08-29,1972.79
2022-08-30,2275.7
2022-08-31,2056.13
2022-09-01,2003.83
2022-09-02,1665.27
2022-09-03,1798.43
2022-09-04,1508.8
2022-09-05,1711.99
2022-09-06,2141.26
2022-09-07,2152.5
2022-09-08,2018.23
2022-09-09,1690.39
2022-09-10,1748.98
2022-09-11,1764.86
2022-09-12,1672.02
2022-09-13,2152.14
2022-09-14,2068.91
2022-09-15,1827.23
2022-09-16,1748.75
2022-09-17,1700.01
2022-09-18,1375.13
2022-09-19,1728.08
2022-09-20,1747.14
2022-09-21,1713.32
2022-09-22,1747.93
2022-09-23,1947.59
2022-09-24,1701.62
2022-09-25,1535.98
2022-09-26,1794.88
2022-09-27,2006.74
2022-09-28,1953.25
2022-09-29,1753.65
2022-09-30,1539.13
2022-10-01,1672.1
2022-10-02,1646.2
2022-10-03,1812.46
2022-10-04,1864.98
2022-10-05,1948.54
2022-10-06,1644.66
2022-10-07,1817.72
2022-10-08,1584.66
2022-10-09,1889.84
2022-10-10,1569.88
2022-10-11,2028.9
2022-10-12,1823.33
2022-10-13,1633.49
2022-10-14,1557.51
2022-10-15,1520.67
2022-10-16,1659.61
2022-10-17,1772.84
2022-10-18,1707.32
2022-10-19,1818.57
2022-10-20,2084.83
2022-10-21,1925.21
2022-10-22,1673.84
2022-10-23,1645.03
2022-10-24,1759.43
2022-10-25,1936.08
2022-10-26,1723.11
2022-10-27,1782.82
2022-10-28,1477.34
2022-10-29,1733.43
2022-10-30,1805.14
2022-10-31,1741.24
2022-11-01,2155.98
2022-11-02,1772.02
2022-11-03,1684.63
2022-11-04,1847.63
2022-11-05,1920.39
2022-11-06,2053.86
2022-11-07,1841.5
2022-11-08,2181.67
2022-11-09,2053.45
2022-11-10,1985.05
2022-11-11,2056.46
2022-11-12,1974.39
2022-11-13,1681.25
2022-11-14,2251.46
2022-11-15,2349.69
2022-11-16,2091.32
2022-11-17,2199.34
2022-11-18,2130.1
2022-11-19,2050.75
2022-11-20,1973.25
2022-11-21,2070.26
2022-11-22,2282.78
2022-11-23,2507.86
2022-11-24,2371.13
2022-11-25,2152.8
2022-11-26,2282.53
2022-11-27,1786.34
2022-11-28,2503.79
2022-11-29,2188.73
2022-11-30,2443.22
2022-12-01,2289.78
2022-12-02,2184.79
2022-12-03,2513.92
2022-12-04,2318.85
2022-12-05,2561.15
2022-12-06,2622.6
2022-12-07,2751.31
2022-12-08,2653.58
2022-12-09,2372.98
2022-12-10,2677.72
2022-12-11,2505.43
2022-12-12,2468.12
2022-12-13,2759.74
2022-12-14,3101.02
2022-12-15,2967.53
2022-12-16,2712.79
2022-12-17,2677.22
2022-12-18,2734.18
2022-12-19,3217.6
2022-12-20,3087.23
2022-12-21,3147.82
2022-12-22,3203.32
2022-12-23,3011.0
2022-12-24,2902.1
2022-12-25,2965.51
2022-12-26,3109.02
2022-12-27,3239.1
2022-12-28,3408.21
2022-12-29,3273.26
2022-12-30,3302.66
2022-12-31,3147.25
2023-01-01,3233.6
2023-01-02,3047.58
2023-01-03,3610.33
2023-01-04,3579.82
2023-01-05,3644.47
2023-01-06,2988.08
2023-01-07,3702.75
2023-01-08,3423.65
2023-01-09,3736.56
2023-01-10,3540.08
2023-01-11,3843.07
2023-01-12,3560.1
2023-01-13,3552.27
2023-01-14,3899.84
2023-01-15,3639.07
2023-01-16,3825.82
2023-01-17,4049.18
2023-01-18,4047.77
2023-01-19,3962.54
2023-01-20,3921.98
2023-01-21,4194.11
2023-01-22,3879.3
2023-01-23,4042.98
2023-01-24,4295.16
2023-01-25,4357.35
2023-01-26,4335.29
2023-01-27,4179.39
2023-01-28,3877.52
2023-01-29,4347.3
2023-01-30,4054.12
2023-01-31,4395.06
2023-02-01,4289.26
2023-02-02,4357.22
2023-02-03,4341.17
2023-02-04,4304.06
2023-02-05,4371.0
2023-02-06,4672.04
2023-02-07,4620.03
2023-02-08,4566.49
2023-02-09,4710.47
2023-02-10,4667.55
2023-02-11,4267.19
2023-02-12,4590.94
2023-02-13,4726.86
2023-02-14,4697.11
2023-02-15,4997.19
2023-02-16,4729.0
2023-02-17,4691.49
2023-02-18,4606.71
2023-02-19,4682.78
2023-02-20,4634.08
2023-02-21,4700.23
2023-02-22,5202.12
2023-02-23,4794.15
2023-02-24,4691.15
2023-02-25,4474.34
2023-02-26,4746.71
2023-02-27,4759.54
2023-02-28,5319.36
2023-03-01,5268.53
2023-03-02,4969.33
2023-03-03,5326.29
2023-03-04,5090.34
2023-03-05,4936.67
2023-03-06,4723.02
2023-03-07,5553.67
2023-03-08,5042.6
2023-03-09,4956.69
2023-03-10,5269.68
2023-03-11,5433.8
2023-03-12,5314.66
2023-03-13,5300.97
2023-03-14,5414.48
2023-03-15,5491.04
2023-03-16,5426.06
2023-03-17,5263.89
2023-03-18,5185.56
2023-03-19,5196.36
2023-03-20,5198.63
2023-03-21,5375.1
2023-03-22,5197.58
2023-03-23,5382.5
2023-03-24,5154.97
2023-03-25,5082.43
2023-03-26,5307.24
2023-03-27,5591.48
2023-03-28,5622.33
2023-03-29,5279.75
2023-03-30,5309.0
2023-03-31,5500.95
2023-04-01,5153.54
2023-04-02,5295.86
2023-04-03,5510.83
2023-04-04,5381.3
2023-04-05,5569.42
2023-04-06,5291.94
2023-04-07,5300.53
2023-04-08,5376.07
2023-04-09,5114.08
2023-04-10,5514.15
2023-04-11,5539.65
2023-04-12,5648.8
2023-04-13,5534.22
2023-04-14,5600.22
2023-04-15,5348.02
2023-04-16,5286.03
2023-04-17,5460.11
2023-04-18,5614.06
2023-04-19,5559.52
2023-04-20,5489.27
2023-04-21,5269.15
2023-04-22,5204.97
2023-04-23,5111.53
2023-04-24,5672.02
2023-04-25,5310.14
2023-04-26,5408.75
2023-04-27,5332.29
2023-04-28,5461.94
2023-04-29,5209.81
2023-04-30,5455.15
2023-05-01,5251.05
2023-05-02,5477.51
2023-05-03,5322.8
2023-05-04,5693.73
2023-05-05,5077.98
2023-05-06,5225.48
2023-05-07,5284.58
2023-05-08,5332.25
2023-05-09,5322.59
2023-05-10,5339.99
2023-05-11,5286.56
2023-05-12,5138.8
2023-05-13,5225.04
2023-05-14,5419.3
2023-05-15,5081.56
2023-05-16,5036.74
2023-05-17,5234.91
2023-05-18,5552.53
2023-05-19,4922.81
2023-05-20,5205.8
2023-05-21,5215.86
2023-05-22,4955.67
2023-05-23,5198.16
2023-05-24,5360.14
2023-05-25,4973.59
2023-05-26,4874.91
2023-05-27,4732.02
2023-05-28,4668.62
2023-05-29,4795.28
2023-05-30,4780.57
2023-05-31,4969.76
2023-06-01,4761.21
2023-06-02,4784.28
2023-06-03,4427.23
2023-06-04,4709.41
2023-06-05,4854.32
2023-06-06,4499.44
2023-06-07,4852.86
2023-06-08,4890.78
2023-06-09,4395.57
2023-06-10,4737.22
2023-06-11,4546.34
2023-06-12,4445.28
2023-06-13,4609.96
2023-06-14,4698.48
2023-06-15,4534.2
2023-06-16,4472.26
2023-06-17,4160.98
2023-06-18,4320.01
2023-06-19,4148.52
2023-06-20,4409.67
2023-06-21,4285.72
2023-06-22,4217.65
2023-06-23,4380.7
2023-06-24,4265.34
2023-06-25,4187.32
2023-06-26,3996.92
2023-06-27,4177.99
2023-06-28,4401.34
2023-06-29,4146.34
2023-06-30,4339.38
2023-07-01,3955.99
2023-07-02,3919.32
2023-07-03,3908.24
2023-07-04,4038.67
2023-07-05,3989.09
2023-07-06,4023.36
2023-07-07,3926.58
2023-07-08,3570.28
2023-07-09,3481.68
2023-07-10,3469.75
2023-07-11,3885.2
2023-07-12,3636.67
2023-07-13,3384.33
2023-07-14,3631.46
2023-07-15,3852.28
2023-07-16,3470.71
2023-07-17,3661.39
2023-07-18,3611.94
2023-07-19,3578.31
2023-07-20,3636.46
2023-07-21,3321.4
2023-07-22,3310.69
2023-07-23,3312.68
2023-07-24,3228.82
2023-07-25,3542.58
2023-07-26,3361.75
2023-07-27,3180.89
2023-07-28,3241.94
2023-07-29,2933.27
2023-07-30,3067.1
2023-07-31,3127.17
2023-08-01,3357.28
2023-08-02,3260.99
2023-08-03,3093.54
2023-08-04,3088.46
2023-08-05,3082.26
2023-08-06,2953.66
2023-08-07,2938.68
2023-08-08,2807.74
2023-08-09,2841.74
2023-08-10,2864.87
2023-08-11,2689.45
2023-08-12,2662.53
2023-08-13,2697.15
2023-08-14,2837.12
2023-08-15,2816.41
2023-08-16,2898.94
2023-08-17,2746.83
2023-08-18,2313.15
2023-08-19,2380.41
2023-08-20,2499.98
2023-08-21,2411.4
2023-08-22,2754.47
2023-08-23,2895.42
2023-08-24,2762.21
2023-08-25,2422.14
2023-08-26,2592.11
2023-08-27,2393.62
2023-08-28,2394.62
2023-08-29,2427.42
2023-08-30,2478.07
2023-08-31,2381.54
2023-09-01,2342.85
2023-09-02,2258.53
2023-09-03,2240.57
2023-09-04,2382.41
2023-09-05,2572.66
2023-09-06,2543.47
2023-09-07,2097.64
2023-09-08,1817.86
2023-09-09,2261.33
2023-09-10,1924.95
2023-09-11,2176.17
2023-09-12,2114.75
2023-09-13,2030.17
2023-09-14,2304.27
2023-09-15,2220.78
2023-09-16,1943.98
2023-09-17,1653.94
2023-09-18,2043.94
2023-09-19,2268.42
2023-09-20,2001.44
2023-09-21,2176.81
2023-09-22,2034.34
2023-09-23,2050.57
2023-09-24,1997.27
2023-09-25,1920.19
2023-09-26,2332.96
2023-09-27,2146.9
2023-09-28,2096.21
2023-09-29,1851.25
2023-09-30,1855.42
2023-10-01,1808.48
2023-10-02,2005.73
2023-10-03,2379.42
2023-10-04,1937.76
2023-10-05,1834.82
2023-10-06,2192.16
2023-10-07,1874.46
2023-10-08,1828.49
2023-10-09,2179.02
2023-10-10,2026.91
2023-10-11,2416.25
2023-10-12,2181.07
2023-10-13,1904.56
2023-10-14,2239.44
2023-10-15,1851.71
2023-10-16,2151.78
2023-10-17,2183.8
2023-10-18,2362.48
2023-10-19,2342.19
2023-10-20,2014.83
2023-10-21,1838.81
2023-10-22,2051.23
2023-10-23,1982.16
2023-10-24,2487.93
2023-10-25,2238.37
2023-10-26,2107.48
2023-10-27,2095.67
2023-10-28,1811.3
2023-10-29,1901.64
2023-10-30,2332.61
2023-10-31,2159.67
2023-11-01,2136.68
2023-11-02,2322.12
2023-11-03,2328.67
2023-11-04,2207.55
2023-11-05,2286.57
2023-11-06,2132.24
2023-11-07,2141.55
2023-11-08,2618.91
2023-11-09,2296.57
2023-11-10,2219.86
2023-11-11,2408.89
2023-11-12,2333.82
2023-11-13,2430.58
2023-11-14,2799.21
2023-11-15,2419.99
2023-11-16,2610.08
2023-11-17,2395.06
2023-11-18,2382.03
2023-11-19,2614.76
2023-11-20,2576.46
2023-11-21,2696.24
2023-11-22,2821.32
2023-11-23,2562.95
2023-11-24,2410.24
2023-11-25,2337.42
2023-11-26,2245.67
2023-11-27,2966.54
2023-11-28,2610.49
2023-11-29,2790.34
2023-11-30,2741.81
2023-12-01,2750.38
2023-12-02,2787.1
2023-12-03,2842.7
2023-12-04,2746.03
2023-12-05,2928.59
2023-12-06,3045.87
2023-12-07,2928.19
2023-12-08,3129.69
2023-12-09,2924.82
2023-12-10,3012.35
2023-12-11,3123.41
2023-12-12,3322.11
2023-12-13,3224.95
2023-12-14,2967.13
2023-12-15,3146.48
2023-12-16,2953.13
2023-12-17,3024.15
2023-12-18,3314.87
2023-12-19,3536.32
2023-12-20,3406.97
2023-12-21,3415.39
2023-12-22,3550.64
2023-12-23,3297.04
2023-12-24,3705.05
2023-12-25,3524.28
2023-12-26,3300.13
2023-12-27,3731.52
2023-12-28,3641.99
2023-12-29,3705.47
2023-12-30,3579.49
2023-12-31,3512.43
2024-01-01,3482.64
2024-01-02,3760.44
2024-01-03,3719.14
2024-01-04,3726.52
2024-01-05,3829.59
2024-01-06,3958.75
2024-01-07,3822.53
2024-01-08,3709.69
2024-01-09,4081.51
2024-01-10,4249.4
2024-01-11,3945.43
2024-01-12,3944.55
2024-01-13,3933.79
2024-01-14,3868.84
2024-01-15,4209.41
2024-01-16,4219.55
2024-01-17,4355.44
2024-01-18,4126.03
2024-01-19,4120.89
2024-01-20,4261.33
2024-01-21,4151.51
2024-01-22,4591.47
2024-01-23,4397.36
2024-01-24,4545.1
2024-01-25,4617.15
2024-01-26,4191.01
2024-01-27,4105.2
2024-01-28,4193.97
2024-01-29,4736.16
2024-01-30,4587.78
2024-01-31,5107.23
2024-02-01,4603.51
2024-02-02,4641.06
2024-02-03,4808.91
2024-02-04,4930.61
2024-02-05,5061.43
2024-02-06,5055.72
2024-02-07,5079.45
2024-02-08,4977.73
2024-02-09,4929.15
2024-02-10,4692.2
2024-02-11,4702.44
2024-02-12,4945.31
2024-02-13,5040.65
2024-02-14,5047.6
2024-02-15,5181.03
2024-02-16,5141.34
2024-02-17,4971.66
2024-02-18,5228.14
2024-02-19,4953.68
2024-02-20,5213.96
2024-02-21,5182.55
2024-02-22,4968.71
2024-02-23,5155.33
2024-02-24,5107.34
2024-02-25,5398.21
2024-02-26,5381.66
2024-02-27,5248.86
2024-02-28,5725.01
2024-02-29,5585.96
2024-03-01,5406.41
2024-03-02,5240.19
2024-03-03,5173.0
2024-03-04,5374.06
2024-03-05,5705.74
2024-03-06,5866.56
2024-03-07,5768.27
2024-03-08,5376.7
2024-03-09,5234.09
2024-03-10,5462.81
2024-03-11,5286.24
2024-03-12,5709.34
2024-03-13,5676.97
2024-03-14,5578.87
2024-03-15,5319.55
2024-03-16,5584.5
2024-03-17,5463.86
2024-03-18,5474.75
2024-03-19,5325.37
2024-03-20,5786.91
2024-03-21,6003.1
2024-03-22,5892.97
2024-03-23,5520.44
2024-03-24,5531.47
2024-03-25,5795.06
2024-03-26,5677.41
2024-03-27,5903.69
2024-03-28,5915.98
2024-03-29,5888.02
2024-03-30,5630.56
2024-03-31,5644.2
2024-04-01,5642.35
2024-04-02,5748.77
2024-04-03,5866.42
2024-04-04,5894.46
2024-04-05,5875.62
2024-04-06,5556.0
2024-04-07,5925.84
2024-04-08,5756.85
2024-04-09,5889.36
2024-04-10,5804.35
2024-04-11,5488.03
2024-04-12,5879.77
2024-04-13,5791.87
2024-04-14,5660.88
2024-04-15,5804.98
2024-04-16,5963.65
2024-04-17,5672.02
2024-04-18,5758.57
2024-04-19,5848.86
2024-04-20,5472.05
2024-04-21,5722.27
2024-04-22,5562.93
2024-04-23,5924.03
2024-04-24,5865.21
2024-04-25,5556.16
2024-04-26,5861.3
2024-04-27,5503.26
2024-04-28,5506.35
2024-04-29,5742.56
2024-04-30,5968.86
2024-05-01,5657.13
2024-05-02,5743.1
2024-05-03,5682.82
2024-05-04,5645.83
2024-05-05,5579.31
2024-05-06,5578.94
2024-05-07,5590.53
2024-05-08,5737.14
2024-05-09,5484.39
2024-05-10,5088.33
2024-05-11,5512.08
2024-05-12,5589.89
2024-05-13,5177.77
2024-05-14,5458.21
2024-05-15,5708.92
2024-05-16,5842.52
2024-05-17,5415.23
2024-05-18,5219.9
2024-05-19,5306.34
2024-05-20,5614.92
2024-05-21,5386.3
2024-05-22,5366.77
2024-05-23,5329.21
2024-05-24,5133.99
2024-05-25,5209.59
2024-05-26,5436.82
2024-05-27,5313.78
2024-05-28,5299.31
2024-05-29,5294.23
2024-05-30,5015.91
2024-05-31,5255.7
2024-06-01,5023.28
2024-06-02,5007.38
2024-06-03,5583.24
2024-06-04,5218.59
2024-06-05,5059.57
2024-06-06,5018.55
2024-06-07,5125.43
2024-06-08,4879.75
2024-06-09,4644.44
2024-06-10,5065.86
2024-06-11,4895.3
2024-06-12,5273.16
2024-06-13,5062.48
2024-06-14,4702.24
2024-06-15,4869.34
2024-06-16,4683.1
2024-06-17,4867.01
2024-06-18,4877.77
2024-06-19,4673.24
2024-06-20,4610.51
2024-06-21,4729.01
2024-06-22,4430.81
2024-06-23,4414.94
2024-06-24,4397.17
2024-06-25,4668.8
2024-06-26,4908.67
2024-06-27,4344.99
2024-06-28,4375.25
2024-06-29,4489.06
2024-06-30,4258.89
2024-07-01,4402.86
2024-07-02,4239.74
2024-07-03,4456.73
2024-07-04,4269.63
2024-07-05,4311.54
2024-07-06,4246.92
2024-07-07,4450.45
2024-07-08,4212.8
2024-07-09,4238.54
2024-07-10,4212.0
2024-07-11,4034.94
2024-07-12,4004.58
2024-07-13,3814.61
2024-07-14,3877.44
2024-07-15,4113.75
2024-07-16,3829.12
2024-07-17,4144.49
2024-07-18,4076.45
2024-07-19,3727.42
2024-07-20,3332.4
2024-07-21,3553.25
2024-07-22,3903.46
2024-07-23,3770.09
2024-07-24,3617.72
2024-07-25,3598.02
2024-07-26,3666.88
2024-07-27,3529.22
2024-07-28,3406.04
2024-07-29,3452.34
2024-07-30,3514.27
2024-07-31,3429.87
2024-08-01,3717.84
2024-08-02,3295.48
2024-08-03,3434.11
2024-08-04,3475.77
2024-08-05,3464.22
2024-08-06,3316.87
2024-08-07,3438.91
2024-08-08,3283.62
2024-08-09,3021.64
2024-08-10,3115.27
2024-08-11,2887.56
2024-08-12,3311.29
2024-08-13,3132.46
2024-08-14,3231.0
2024-08-15,3154.2
2024-08-16,2944.86
2024-08-17,2983.21
2024-08-18,2823.92
2024-08-19,3096.77
2024-08-20,2835.45
2024-08-21,3057.27
2024-08-22,3242.39
2024-08-23,2675.89
2024-08-24,2638.24
2024-08-25,2819.42
2024-08-26,2842.75
2024-08-27,2942.26
2024-08-28,2966.65
2024-08-29,2904.4
2024-08-30,2852.75
2024-08-31,2664.51
2024-09-01,2572.09
2024-09-02,2785.49
2024-09-03,3046.34
2024-09-04,2748.0
2024-09-05,2540.6
2024-09-06,2732.97
2024-09-07,2468.63
2024-09-08,2169.12
2024-09-09,2701.58
2024-09-10,2574.08
2024-09-11,2650.52
2024-09-12,2636.01
2024-09-13,2498.16
2024-09-14,2499.07
2024-09-15,2338.98
2024-09-16,2564.05
2024-09-17,2531.43
2024-09-18,2694.31
2024-09-19,2601.32
2024-09-20,2255.53
2024-09-21,2485.28
2024-09-22,2257.13
2024-09-23,2545.03
2024-09-24,2565.73
2024-09-25,2803.05
2024-09-26,2422.9
2024-09-27,2294.44
2024-09-28,2274.07
2024-09-29,2250.27
2024-09-30,2505.68
2024-10-01,2233.71
2024-10-02,2338.45
2024-10-03,2269.11
2024-10-04,2465.93
2024-10-05,2513.82
2024-10-06,2264.03
2024-10-07,2348.02
2024-10-08,2478.03
2024-10-09,2665.87
2024-10-10,2288.99
2024-10-11,2361.67
2024-10-12,2409.76
2024-10-13,2364.84
2024-10-14,2415.49
2024-10-15,2635.12
2024-10-16,2107.26
2024-10-17,2554.64
2024-10-18,2256.39
2024-10-19,2021.17
2024-10-20,2402.34
2024-10-21,2632.77
2024-10-22,2507.69
2024-10-23,2702.69
2024-10-24,2745.47
2024-10-25,2606.05
2024-10-26,2599.7
2024-10-27,2498.53
2024-10-28,2503.19
2024-10-29,2356.74
2024-10-30,2595.14
2024-10-31,2452.97
2024-11-01,2813.8
2024-11-02,2410.18
2024-11-03,2492.02
2024-11-04,2664.38
2024-11-05,2696.79
2024-11-06,2982.92
2024-11-07,2586.06
2024-11-08,2620.7
2024-11-09,2431.85
2024-11-10,2385.49
2024-11-11,2603.1
2024-11-12,2801.13
2024-11-13,2783.91
2024-11-14,2698.39
2024-11-15,2506.49
2024-11-16,2659.78
2024-11-17,2489.87
2024-11-18,2943.98
2024-11-19,2957.14
2024-11-20,2770.7
2024-11-21,2899.81
2024-11-22,2751.41
2024-11-23,2869.74
2024-11-24,3069.04
2024-11-25,2703.83
2024-11-26,3119.86
2024-11-27,3125.79
2024-11-28,3209.97
2024-11-29,3061.84
2024-11-30,2877.21
2024-12-01,2990.72
2024-12-02,3038.72
2024-12-03,3439.38
2024-12-04,3330.69
2024-12-05,3574.4
2024-12-06,3202.93
2024-12-07,3068.07
2024-12-08,2997.95
2024-12-09,3076.14
2024-12-10,3230.85
2024-12-11,3560.0
2024-12-12,3559.85
2024-12-13,3171.01
2024-12-14,3506.53
2024-12-15,3352.21
2024-12-16,3569.95
2024-12-17,3913.23
2024-12-18,3858.94
2024-12-19,3649.24
2024-12-20,3481.92
2024-12-21,3258.28
2024-12-22,3526.89
2024-12-23,3727.61
2024-12-24,3735.86
2024-12-25,3918.4
2024-12-26,3915.79
2024-12-27,3797.62
2024-12-28,3700.25
2024-12-29,3877.65
2024-12-30,4043.98
2024-12-31,3939.55
2025-01-01,4346.55
2025-01-02,4086.88
2025-01-03,4032.12
2025-01-04,4102.4
2025-01-05,4086.16
2025-01-06,4319.85
2025-01-07,4345.67
2025-01-08,4265.83
2025-01-09,4378.92
2025-01-10,4080.92
2025-01-11,4235.75
2025-01-12,4269.54
2025-01-13,4368.99
2025-01-14,4506.56
2025-01-15,4298.51
2025-01-16,4465.26
2025-01-17,4489.01
2025-01-18,4465.71
2025-01-19,4342.23
2025-01-20,4811.45
2025-01-21,4616.78
2025-01-22,4946.47
2025-01-23,4831.26
2025-01-24,4597.04
2025-01-25,4926.13
2025-01-26,4534.6
2025-01-27,4975.82
2025-01-28,5112.17
2025-01-29,4914.8
2025-01-30,5189.3
2025-01-31,4868.56
2025-02-01,4914.02
2025-02-02,4962.3
2025-02-03,5026.07
2025-02-04,5290.58
2025-02-05,5339.84
2025-02-06,4922.06
2025-02-07,5304.06
2025-02-08,4822.05
2025-02-09,5277.16
2025-02-10,5412.5
2025-02-11,5200.79
2025-02-12,5352.82
2025-02-13,5210.2
2025-02-14,5265.91
2025-02-15,5212.94
2025-02-16,5424.87
2025-02-17,5623.56
2025-02-18,5755.13
2025-02-19,5509.23
2025-02-20,5521.5
2025-02-21,5220.13
2025-02-22,5310.38
2025-02-23,5622.33
2025-02-24,5836.56
2025-02-25,5525.31
2025-02-26,5666.79
2025-02-27,5708.41
2025-02-28,5671.5
2025-03-01,5463.94
2025-03-02,5692.58
2025-03-03,5671.71
2025-03-04,5854.02
2025-03-05,5980.45
2025-03-06,5853.26
2025-03-07,5700.99
2025-03-08,5702.91
2025-03-09,5746.65
2025-03-10,5815.16
2025-03-11,5942.13
2025-03-12,6259.93
2025-03-13,6054.88
2025-03-14,5837.36
2025-03-15,5935.89
2025-03-16,5818.56
2025-03-17,6152.05
2025-03-18,6138.48
2025-03-19,6102.76
2025-03-20,6133.24
2025-03-21,5737.98
2025-03-22,5750.82
2025-03-23,5774.57
2025-03-24,6079.06
2025-03-25,6420.95
2025-03-26,6528.06
2025-03-27,6232.75
2025-03-28,6116.12
2025-03-29,5713.48
2025-03-30,5932.46
2025-03-31,5996.03
2025-04-01,6120.89
2025-04-02,6217.44
2025-04-03,6111.87
2025-04-04,5786.07
2025-04-05,6134.11
2025-04-06,5887.54
2025-04-07,6180.98
2025-04-08,6552.32
2025-04-09,6128.23
2025-04-10,5822.9
2025-04-11,6056.1
2025-04-12,6199.38
2025-04-13,6350.79
2025-04-14,5965.53
2025-04-15,6316.85
2025-04-16,6193.76
2025-04-17,6180.24
2025-04-18,6485.63
2025-04-19,5795.06
2025-04-20,6077.66
2025-04-21,6198.97
2025-04-22,6380.38
2025-04-23,6249.73
2025-04-24,6210.15
2025-04-25,5994.38
2025-04-26,6021.37
2025-04-27,5944.99
2025-04-28,6175.3
2025-04-29,6111.72
2025-04-30,6237.66
2025-05-01,6102.05
2025-05-02,6160.98
2025-05-03,5908.71
2025-05-04,5662.42
2025-05-05,6199.78
2025-05-06,5956.26
2025-05-07,6004.55
2025-05-08,5935.2
2025-05-09,6112.96
2025-05-10,5507.43
2025-05-11,6307.07
2025-05-12,6073.62
2025-05-13,6027.06
2025-05-14,5992.6
2025-05-15,5962.38
2025-05-16,5876.79
2025-05-17,5813.25
2025-05-18,5805.32
2025-05-19,5811.16
2025-05-20,5843.45
2025-05-21,5854.62
2025-05-22,5763.83
2025-05-23,5839.29
2025-05-24,5673.22
2025-05-25,5145.81
2025-05-26,5758.2
2025-05-27,5761.59
2025-05-28,5731.13
2025-05-29,5588.76
2025-05-30,5689.19
2025-05-31,5575.09
2025-06-01,5317.18
2025-06-02,5564.64
2025-06-03,5427.97
2025-06-04,5365.95
2025-06-05,5389.65
2025-06-06,5484.27
2025-06-07,5408.04
2025-06-08,5340.01
2025-06-09,5440.15
2025-06-10,5476.87
2025-06-11,5300.38
2025-06-12,5370.18
2025-06-13,5294.8
2025-06-14,5196.19
2025-06-15,5257.55
2025-06-16,5252.06
2025-06-17,5264.91
2025-06-18,5368.23
2025-06-19,5110.96
2025-06-20,4850.48
2025-06-21,4865.16
2025-06-22,4772.66
2025-06-23,4848.37
2025-06-24,4993.08
2025-06-25,4890.2
2025-06-26,4868.94
2025-06-27,4497.82
2025-06-28,4719.68
2025-06-29,4681.67
2025-06-30,4623.28
2025-07-01,4908.99
2025-07-02,4944.26
2025-07-03,4467.84
2025-07-04,4460.64
2025-07-05,4364.91
2025-07-06,4332.57
2025-07-07,4661.86
2025-07-08,4572.21
2025-07-09,4554.79
2025-07-10,4198.97
2025-07-11,4460.72
2025-07-12,4084.6
2025-07-13,4272.67
2025-07-14,4369.15
2025-07-15,4595.54
2025-07-16,4188.41
2025-07-17,3837.05
2025-07-18,4183.65
2025-07-19,4331.53
2025-07-20,4240.85
2025-07-21,4150.75
2025-07-22,4109.94
2025-07-23,4298.6
2025-07-24,3937.37
2025-07-25,4021.64
2025-07-26,3932.12
2025-07-27,4009.7
2025-07-28,4329.77
2025-07-29,4040.01
2025-07-30,3899.64
2025-07-31,3879.07
2025-08-01,3485.44
2025-08-02,3553.9
2025-08-03,3592.31
2025-08-04,3641.55
2025-08-05,3809.69
2025-08-06,3659.73
2025-08-07,3859.65
2025-08-08,3560.96
2025-08-09,3468.42
2025-08-10,3417.89
2025-08-11,3558.52
2025-08-12,3727.44
2025-08-13,3471.69
2025-08-14,3413.32
2025-08-15,3337.84
2025-08-16,3092.4
2025-08-17,3170.68
2025-08-18,3292.4
2025-08-19,3565.58
2025-08-20,3474.08
2025-08-21,3376.26
2025-08-22,3348.52
2025-08-23,3113.51
2025-08-24,3194.38
2025-08-25,3193.04
2025-08-26,3321.41
2025-08-27,3197.02
2025-08-28,2833.72
2025-08-29,3055.7
2025-08-30,3205.17
2025-08-31,3135.11
2025-09-01,3216.46
2025-09-02,3332.97
2025-09-03,3166.52
2025-09-04,3100.83
2025-09-05,2857.82
2025-09-06,2821.95
2025-09-07,2969.15
2025-09-08,3135.89
2025-09-09,3013.38
2025-09-10,2975.56
2025-09-11,2964.33
2025-09-12,2936.86
2025-09-13,2552.2
2025-09-14,2435.03
2025-09-15,2778.69
2025-09-16,2760.46
2025-09-17,2879.48
2025-09-18,2858.07
2025-09-19,2698.07
2025-09-20,2909.46
2025-09-21,2754.73
2025-09-22,2836.07
2025-09-23,2970.12
2025-09-24,2721.62
2025-09-25,2976.38
2025-09-26,2698.53
2025-09-27,2739.57
2025-09-28,2495.94
2025-09-29,2512.54
2025-09-30,2957.7
2025-10-01,2910.77
2025-10-02,2650.73
2025-10-03,2548.63
2025-10-04,2780.67
2025-10-05,2454.85
2025-10-06,2972.25
2025-10-07,2683.87
2025-10-08,2937.72
2025-10-09,2728.11
2025-10-10,2764.64
2025-10-11,2529.05
2025-10-12,2611.38
2025-10-13,2738.24
2025-10-14,2678.62
2025-10-15,2966.8
2025-10-16,2717.85
2025-10-17,2661.03
2025-10-18,2486.38
2025-10-19,2280.02
2025-10-20,2735.74
2025-10-21,3226.82
2025-10-22,3013.03
2025-10-23,2835.29
2025-10-24,2702.9
2025-10-25,2689.57
2025-10-26,2800.75
2025-10-27,2645.21
2025-10-28,3093.63
2025-10-29,3067.8
2025-10-30,3014.64
2025-10-31,2880.39
2025-11-01,2764.98
2025-11-02,2898.97
2025-11-03,2993.95
2025-11-04,2959.7
2025-11-05,2964.23
2025-11-06,3015.4
2025-11-07,3143.59
2025-11-08,2676.16
2025-11-09,2681.25
2025-11-10,3036.56
2025-11-11,3130.4
2025-11-12,3189.49
2025-11-13,3153.16
2025-11-14,2997.4
2025-11-15,3208.31
2025-11-16,2787.18
2025-11-17,3016.6
2025-11-18,3239.36
2025-11-19,3052.12
2025-11-20,3228.27
2025-11-21,3421.13
2025-11-22,3131.9
2025-11-23,3208.71
2025-11-24,3101.46
2025-11-25,3314.79
2025-11-26,3397.45
2025-11-27,3364.82
2025-11-28,3524.63
2025-11-29,3375.49
2025-11-30,3173.02
2025-12-01,3495.6
2025-12-02,3652.58
2025-12-03,3797.76
2025-12-04,3824.94
2025-12-05,3357.81
2025-12-06,3350.16
2025-12-07,3333.27
2025-12-08,3607.85
2025-12-09,3834.23
2025-12-10,3963.33
2025-12-11,3766.95
2025-12-12,3654.52
2025-12-13,3688.88
2025-12-14,3592.79
2025-12-15,4154.32
2025-12-16,3722.79
2025-12-17,4044.27
2025-12-18,4284.82
2025-12-19,3908.01
2025-12-20,3843.59
2025-12-21,3871.86
2025-12-22,4022.61
2025-12-23,4379.96
2025-12-24,3896.12
2025-12-25,4423.83
2025-12-26,3907.06
2025-12-27,4046.84
2025-12-28,4076.84
2025-12-29,4354.65
2025-12-30,4151.9
2025-12-31,4515.63
2026-01-01,4724.3
2026-01-02,4143.73
2026-01-03,4343.49
2026-01-04,4270.71
2026-01-05,4559.55
2026-01-06,4624.24
2026-01-07,4580.22
2026-01-08,4716.62
2026-01-09,4841.88
2026-01-10,4509.59
2026-01-11,4701.27
2026-01-12,4525.02
2026-01-13,4701.23
2026-01-14,4970.54
2026-01-15,5089.14
2026-01-16,4847.45
2026-01-17,4713.87
2026-01-18,4815.46
2026-01-19,4753.31
2026-01-20,5156.76
2026-01-21,5252.89
2026-01-22,5018.98
2026-01-23,4943.21
2026-01-24,5019.6
2026-01-25,4968.16
2026-01-26,5148.21
2026-01-27,5597.39
2026-01-28,5298.87
2026-01-29,5247.39
2026-01-30,5129.84
2026-01-31,5303.44
2026-02-01,5217.37
2026-02-02,5270.33
2026-02-03,5688.9
2026-02-04,5755.74
2026-02-05,5416.5
2026-02-06,5150.9
2026-02-07,5545.28
2026-02-08,5342.57
2026-02-09,5685.36
2026-02-10,5392.47
2026-02-11,5872.17
2026-02-12,5518.51
2026-02-13,5732.2
2026-02-14,5586.04
2026-02-15,5489.9
2026-02-16,5691.35
2026-02-17,5974.45
2026-02-18,5935.5
2026-02-19,5966.96
2026-02-20,6095.88
2026-02-21,5523.76
2026-02-22,6047.69
2026-02-23,5937.75
2026-02-24,5903.89
2026-02-25,5884.75
2026-02-26,6013.03
2026-02-27,6097.15
2026-02-28,5896.08
2026-03-01,6185.89
2026-03-02,5855.78
2026-03-03,6185.46
2026-03-04,6042.17
2026-03-05,6238.79
2026-03-06,6231.87
2026-03-07,5989.07
2026-03-08,5702.56
2026-03-09,6234.24
2026-03-10,6380.66
2026-03-11,6415.43
2026-03-12,6491.24
2026-03-13,6056.62
2026-03-14,6269.46
2026-03-15,6384.06
2026-03-16,6046.33
2026-03-17,6468.51
2026-03-18,6381.25
2026-03-19,6392.37
2026-03-20,6364.77
2026-03-21,6186.27
2026-03-22,6192.32
2026-03-23,6403.27
2026-03-24,6339.02
2026-03-25,6372.04
2026-03-26,6581.01
2026-03-27,6211.26
2026-03-28,6426.69
2026-03-29,6426.87
2026-03-30,6199.48
2026-03-31,6457.05
2026-04-01,6766.98
2026-04-02,6381.23
2026-04-03,6359.56
2026-04-04,6438.02
2026-04-05,6513.28
2026-04-06,6455.21
2026-04-07,6499.96
2026-04-08,6828.4
2026-04-09,6812.72
2026-04-10,6595.81
2026-04-11,6397.55
2026-04-12,6286.84
2026-04-13,6376.96
2026-04-14,6672.82
2026-04-15,6678.94
2026-04-16,6759.54
2026-04-17,6540.24
2026-04-18,6149.26
2026-04-19,6552.13
2026-04-20,6334.38
2026-04-21,6515.71
2026-04-22,6628.88
2026-04-23,6820.13
2026-04-24,6876.97
2026-04-25,6429.88
2026-04-26,6327.37
2026-04-27,6521.13
2026-04-28,6659.7
2026-04-29,6492.9
2026-04-30,6736.12
2026-05-01,6387.48
2026-05-02,6352.48
2026-05-03,6390.15
2026-05-04,6436.1
2026-05-05,6580.82
2026-05-06,6373.37
2026-05-07,6304.61
2026-05-08,6106.06
2026-05-09,6258.46
2026-05-10,6318.46
2026-05-11,6349.56
2026-05-12,6610.88
2026-05-13,6366.57
2026-05-14,6386.89
2026-05-15,6002.33
2026-05-16,6026.3
2026-05-17,6194.64
2026-05-18,6293.84
2026-05-19,6198.12
2026-05-20,6236.15
2026-05-21,5935.37
2026-05-22,5986.05
2026-05-23,6088.52
2026-05-24,6044.31
2026-05-25,6106.46
2026-05-26,6111.77
2026-05-27,6107.28
2026-05-28,5920.63
2026-05-29,5998.39
2026-05-30,5869.46
2026-05-31,5880.61
2026-06-01,5798.7
2026-06-02,5625.07
2026-06-03,6112.13
2026-06-04,5786.81
2026-06-05,5600.77
2026-06-06,5744.67
2026-06-07,5580.11
2026-06-08,5866.52
2026-06-09,5868.42
2026-06-10,5875.82
2026-06-11,5477.45
2026-06-12,5733.72
2026-06-13,5499.67
2026-06-14,5401.49
2026-06-15,5545.21
2026-06-16,5323.86
2026-06-17,5647.33
2026-06-18,5339.05
2026-06-19,5158.57
2026-06-20,5040.15
2026-06-21,5430.36
2026-06-22,5234.49
2026-06-23,5624.2
2026-06-24,5308.22
2026-06-25,5038.7
2026-06-26,4994.19
2026-06-27,5252.98
2026-06-28,5038.14
2026-06-29,5043.74
2026-06-30,5214.33
2026-07-01,5259.21
2026-07-02,5256.98
2026-07-03,5172.79
2026-07-04,4806.83
2026-07-05,4655.21
2026-07-06,4856.02
2026-07-07,5020.96
2026-07-08,4830.56
2026-07-09,4736.64
2026-07-10,4797.65
2026-07-11,4643.86
2026-07-12,4649.25
2026-07-13,4594.39
2026-07-14,4737.47
2026-07-15,4626.64
2026-07-16,4804.0
2026-07-17,4691.8
2026-07-18,4164.89
2026-07-19,4295.87
2026-07-20,4275.02
2026-07-21,4466.28
2026-07-22,4545.01
