data,trend
2020-01-01,
2020-01-02,
2020-01-03,
2020-01-04,2435.9828571428575
2020-01-05,2473.61
2020-01-06,2498.372857142857
2020-01-07,2528.0042857142853
2020-01-08,2517.337142857144
2020-01-09,2544.2800000000007
2020-01-10,2586.3842857142854
2020-01-11,2543.4371428571435
2020-01-12,2521.900000000001
2020-01-13,2551.750000000001
2020-01-14,2550.221428571429
2020-01-15,2598.6371428571438
2020-01-16,2620.854285714286
2020-01-17,2617.0342857142864
2020-01-18,2720.991428571429
2020-01-19,2784.582857142857
2020-01-20,2829.451428571429
2020-01-21,2851.894285714285
2020-01-22,2864.6528571428585
2020-01-23,2917.5242857142853
2020-01-24,2954.03
2020-01-25,2961.441428571428
2020-01-26,2984.0300000000007
2020-01-27,3006.7985714285714
2020-01-28,3054.734285714286
2020-01-29,3136.218571428572
2020-01-30,3163.4957142857147
2020-01-31,3195.2485714285717
2020-02-01,3234.378571428571
2020-02-02,3250.4342857142856
2020-02-03,3290.289999999999
2020-02-04,3290.0971428571424
2020-02-05,3250.615714285715
2020-02-06,3283.555714285714
2020-02-07,3350.227142857144
2020-02-08,3364.198571428571
2020-02-09,3415.5414285714282
2020-02-10,3432.0
2020-02-11,3469.4157142857152
2020-02-12,3509.27
2020-02-13,3521.70142857143
2020-02-14,3554.747142857144
2020-02-15,3584.344285714285
2020-02-16,3574.629999999999
2020-02-17,3613.2885714285712
2020-02-18,3661.647142857143
2020-02-19,3687.1542857142863
2020-02-20,3734.372857142857
2020-02-21,3757.7
2020-02-22,3793.818571428573
2020-02-23,3836.772857142857
2020-02-24,3845.985714285713
2020-02-25,3883.74
2020-02-26,3941.1657142857143
2020-02-27,3939.4142857142856
2020-02-28,3934.5671428571427
2020-02-29,3911.721428571428
2020-03-01,3924.478571428571
2020-03-02,3968.505714285715
2020-03-03,4010.0371428571425
2020-03-04,4006.729999999999
2020-03-05,4057.207142857143
2020-03-06,4087.201428571429
2020-03-07,4114.908571428572
2020-03-08,4165.66
2020-03-09,4198.128571428571
2020-03-10,4184.760000000002
2020-03-11,4235.83
2020-03-12,4173.721428571429
2020-03-13,4198.644285714285
2020-03-14,4228.917142857144
2020-03-15,4228.870000000001
2020-03-16,4211.498571428571
2020-03-17,4182.808571428571
2020-03-18,4157.214285714286
2020-03-19,4233.15
2020-03-20,4258.855714285715
2020-03-21,4257.032857142857
2020-03-22,4256.76
2020-03-23,4254.178571428572
2020-03-24,4326.011428571428
2020-03-25,4346.878571428572
2020-03-26,4336.474285714285
2020-03-27,4323.887142857144
2020-03-28,4344.637142857144
2020-03-29,4389.761428571429
2020-03-30,4391.988571428571
2020-03-31,4371.347142857144
2020-04-01,4361.370000000001
2020-04-02,4346.302857142858
2020-04-03,4346.062857142856
2020-04-04,4353.460000000001
2020-04-05,4336.165714285715
2020-04-06,4349.005714285716
2020-04-07,4327.990000000002
2020-04-08,4329.137142857144
2020-04-09,4354.381428571429
2020-04-10,4331.538571428571
2020-04-11,4322.6514285714275
2020-04-12,4330.831428571429
2020-04-13,4375.375714285715
2020-04-14,4408.012857142857
2020-04-15,4420.582857142857
2020-04-16,4423.84
2020-04-17,4396.895714285714
2020-04-18,4396.235714285714
2020-04-19,4384.794285714286
2020-04-20,4392.561428571429
2020-04-21,4379.577142857143
2020-04-22,4374.877142857144
2020-04-23,4369.567142857143
2020-04-24,4378.961428571429
2020-04-25,4396.825714285715
2020-04-26,4403.941428571429
2020-04-27,4359.892857142858
2020-04-28,4335.805714285714
2020-04-29,4350.178571428571
2020-04-30,4311.154285714286
2020-05-01,4338.547142857143
2020-05-02,4350.275714285714
2020-05-03,4301.725714285714
2020-05-04,4260.941428571429
2020-05-05,4270.381428571428
2020-05-06,4216.869999999999
2020-05-07,4200.542857142858
2020-05-08,4175.827142857143
2020-05-09,4092.0471428571445
2020-05-10,4108.881428571429
2020-05-11,4086.3142857142857
2020-05-12,4101.938571428572
2020-05-13,4080.0414285714305
2020-05-14,4090.0228571428584
2020-05-15,4089.201428571429
2020-05-16,4068.37142857143
2020-05-17,4045.45
2020-05-18,4075.094285714286
2020-05-19,3988.95
2020-05-20,3990.7928571428565
2020-05-21,3983.9614285714297
2020-05-22,3963.58
2020-05-23,3943.355714285714
2020-05-24,3889.705714285714
2020-05-25,3852.0171428571434
2020-05-26,3871.590000000002
2020-05-27,3851.3971428571435
2020-05-28,3831.2871428571434
2020-05-29,3777.6428571428573
2020-05-30,3786.4585714285727
2020-05-31,3798.0271428571436
2020-06-01,3748.195714285716
2020-06-02,3758.1471428571435
2020-06-03,3738.9485714285706
2020-06-04,3681.7
2020-06-05,3685.741428571428
2020-06-06,3634.982857142857
2020-06-07,3620.3842857142854
2020-06-08,3635.0528571428586
2020-06-09,3551.7471428571444
2020-06-10,3536.234285714286
2020-06-11,3544.347142857143
2020-06-12,3521.3842857142863
2020-06-13,3556.1642857142865
2020-06-14,3507.0557142857156
2020-06-15,3438.868571428572
2020-06-16,3409.968571428572
2020-06-17,3344.21
2020-06-18,3305.8800000000015
2020-06-19,3267.5514285714294
2020-06-20,3204.630000000001
2020-06-21,3199.235714285715
2020-06-22,3187.1228571428574
2020-06-23,3208.6314285714284
2020-06-24,3191.5957142857146
2020-06-25,3222.5514285714285
2020-06-26,3199.532857142857
2020-06-27,3146.000000000001
2020-06-28,3075.9785714285717
2020-06-29,3056.587142857143
2020-06-30,2991.107142857144
2020-07-01,2982.4471428571437
2020-07-02,2904.592857142858
2020-07-03,2859.8528571428583
2020-07-04,2830.2457142857143
2020-07-05,2790.852857142858
2020-07-06,2741.0271428571436
2020-07-07,2734.2185714285724
2020-07-08,2693.537142857144
2020-07-09,2626.720000000001
2020-07-10,2602.0071428571423
2020-07-11,2598.4300000000003
2020-07-12,2581.988571428571
2020-07-13,2564.9128571428564
2020-07-14,2517.904285714286
2020-07-15,2458.962857142858
2020-07-16,2463.514285714286
2020-07-17,2442.0700000000006
2020-07-18,2427.3428571428576
2020-07-19,2439.2642857142864
2020-07-20,2376.9385714285713
2020-07-21,2326.1814285714286
2020-07-22,2332.4028571428576
2020-07-23,2306.5542857142864
2020-07-24,2276.507142857144
2020-07-25,2306.922857142858
2020-07-26,2267.7828571428577
2020-07-27,2292.9957142857143
2020-07-28,2305.0514285714294
2020-07-29,2279.6585714285707
2020-07-30,2233.7557142857145
2020-07-31,2211.029999999999
2020-08-01,2084.152857142857
2020-08-02,2039.288571428572
2020-08-03,1977.2085714285718
2020-08-04,1931.3942857142858
2020-08-05,1940.1385714285727
2020-08-06,1880.2200000000014
2020-08-07,1852.244285714286
2020-08-08,1808.0814285714293
2020-08-09,1777.1385714285718
2020-08-10,1785.2371428571425
2020-08-11,1759.5000000000007
2020-08-12,1661.7271428571441
2020-08-13,1661.6257142857146
2020-08-14,1636.9971428571434
2020-08-15,1631.724285714286
2020-08-16,1622.6085714285718
2020-08-17,1576.7057142857145
2020-08-18,1538.1499999999999
2020-08-19,1584.3071428571438
2020-08-20,1590.6828571428575
2020-08-21,1510.537142857143
2020-08-22,1508.352857142857
2020-08-23,1468.067142857144
2020-08-24,1464.261428571429
2020-08-25,1440.5214285714296
2020-08-26,1371.7842857142869
2020-08-27,1349.0728571428579
2020-08-28,1391.467142857143
2020-08-29,1342.6000000000017
2020-08-30,1330.8700000000008
2020-08-31,1284.0957142857146
2020-09-01,1269.1671428571433
2020-09-02,1291.9700000000003
2020-09-03,1272.771428571429
2020-09-04,1210.5799999999997
2020-09-05,1239.79
2020-09-06,1276.6985714285722
2020-09-07,1293.7171428571435
2020-09-08,1260.3314285714291
2020-09-09,1197.7557142857156
2020-09-10,1202.3228571428583
2020-09-11,1200.7442857142873
2020-09-12,1177.625714285715
2020-09-13,1136.2671428571439
2020-09-14,1082.2785714285717
2020-09-15,1102.0442857142866
2020-09-16,1081.918571428573
2020-09-17,1022.7414285714307
2020-09-18,1022.4542857142859
2020-09-19,976.6657142857143
2020-09-20,986.0085714285718
2020-09-21,966.6928571428579
2020-09-22,950.5142857142865
2020-09-23,965.2771428571433
2020-09-24,1010.6542857142866
2020-09-25,982.3900000000014
2020-09-26,1028.0857142857146
2020-09-27,987.8771428571422
2020-09-28,992.5642857142866
2020-09-29,1007.4942857142855
2020-09-30,1005.0814285714288
2020-10-01,959.704285714286
2020-10-02,985.5685714285713
2020-10-03,950.0928571428567
2020-10-04,950.5428571428579
2020-10-05,984.5314285714305
2020-10-06,1007.9128571428577
2020-10-07,995.5628571428565
2020-10-08,1052.7757142857154
2020-10-09,1026.9114285714295
2020-10-10,1033.3428571428567
2020-10-11,1045.4757142857143
2020-10-12,1039.7985714285721
2020-10-13,995.4914285714274
2020-10-14,1002.4985714285715
2020-10-15,950.3085714285706
2020-10-16,967.5542857142863
2020-10-17,994.1528571428566
2020-10-18,994.8628571428588
2020-10-19,980.1857142857134
2020-10-20,1019.5228571428587
2020-10-21,1037.805714285715
2020-10-22,1073.547142857145
2020-10-23,1107.9457142857152
2020-10-24,1080.7685714285717
2020-10-25,1070.421428571429
2020-10-26,1111.1014285714284
2020-10-27,1115.2300000000016
2020-10-28,1119.0300000000002
2020-10-29,1115.4614285714283
2020-10-30,1141.1842857142856
2020-10-31,1158.6042857142843
2020-11-01,1195.1585714285713
2020-11-02,1188.1285714285711
2020-11-03,1184.1871428571437
2020-11-04,1222.4657142857138
2020-11-05,1252.4028571428578
2020-11-06,1257.694285714286
2020-11-07,1314.0528571428574
2020-11-08,1318.9528571428582
2020-11-09,1354.532857142859
2020-11-10,1369.6400000000017
2020-11-11,1370.584285714285
2020-11-12,1368.0985714285719
2020-11-13,1371.177142857143
2020-11-14,1374.825714285715
2020-11-15,1376.142857142857
2020-11-16,1426.0942857142848
2020-11-17,1431.3328571428576
2020-11-18,1418.9300000000005
2020-11-19,1467.5057142857145
2020-11-20,1503.7642857142846
2020-11-21,1526.1557142857139
2020-11-22,1579.3157142857142
2020-11-23,1556.7628571428581
2020-11-24,1582.0185714285717
2020-11-25,1632.9585714285713
2020-11-26,1617.2928571428579
2020-11-27,1645.2442857142867
2020-11-28,1653.0914285714293
2020-11-29,1646.6528571428578
2020-11-30,1665.0814285714293
2020-12-01,1718.5414285714294
2020-12-02,1730.5442857142866
2020-12-03,1753.4599999999998
2020-12-04,1764.118571428572
2020-12-05,1799.1514285714288
2020-12-06,1832.9042857142854
2020-12-07,1856.9100000000008
2020-12-08,1880.5242857142853
2020-12-09,1889.3342857142868
2020-12-10,1904.815714285714
2020-12-11,1912.4757142857154
2020-12-12,1931.1757142857145
2020-12-13,1977.4628571428568
2020-12-14,2048.1628571428555
2020-12-15,2090.7799999999993
2020-12-16,2147.8085714285717
2020-12-17,2207.1914285714292
2020-12-18,2230.9300000000003
2020-12-19,2265.1200000000003
2020-12-20,2282.464285714287
2020-12-21,2288.1271428571436
2020-12-22,2282.5471428571427
2020-12-23,2327.7799999999993
2020-12-24,2391.852857142858
2020-12-25,2441.9614285714283
2020-12-26,2482.0500000000006
2020-12-27,2534.2257142857147
2020-12-28,2550.0214285714283
2020-12-29,2600.6671428571426
2020-12-30,2618.0100000000007
2020-12-31,2615.5357142857147
2021-01-01,2629.647142857142
2021-01-02,2649.968571428572
2021-01-03,2674.307142857144
2021-01-04,2742.501428571428
2021-01-05,2790.081428571428
2021-01-06,2867.8114285714278
2021-01-07,2881.1599999999985
2021-01-08,2948.317142857143
2021-01-09,2983.6271428571417
2021-01-10,3051.7828571428563
2021-01-11,3035.2571428571423
2021-01-12,3028.5771428571425
2021-01-13,3001.4328571428564
2021-01-14,3004.1642857142865
2021-01-15,3005.957142857142
2021-01-16,3017.4557142857134
2021-01-17,3005.3814285714293
2021-01-18,3061.577142857142
2021-01-19,3151.2414285714267
2021-01-20,3215.824285714286
2021-01-21,3280.244285714285
2021-01-22,3303.417142857142
2021-01-23,3361.2628571428577
2021-01-24,3360.6571428571433
2021-01-25,3423.347142857143
2021-01-26,3439.0385714285712
2021-01-27,3439.084285714285
2021-01-28,3445.0357142857147
2021-01-29,3523.425714285713
2021-01-30,3540.374285714285
2021-01-31,3624.9428571428552
2021-02-01,3581.0857142857158
2021-02-02,3572.314285714285
2021-02-03,3611.61
2021-02-04,3678.232857142857
2021-02-05,3668.2485714285713
2021-02-06,3712.481428571428
2021-02-07,3691.2614285714294
2021-02-08,3750.3014285714285
2021-02-09,3793.382857142857
2021-02-10,3831.6814285714277
2021-02-11,3873.0299999999993
2021-02-12,3885.3928571428564
2021-02-13,3865.6928571428552
2021-02-14,3942.1671428571426
2021-02-15,3978.245714285714
2021-02-16,3985.217142857143
2021-02-17,4032.6928571428566
2021-02-18,4044.85
2021-02-19,4118.808571428572
2021-02-20,4177.369999999999
2021-02-21,4218.035714285713
2021-02-22,4272.0542857142855
2021-02-23,4305.915714285714
2021-02-24,4316.28
2021-02-25,4350.034285714286
2021-02-26,4376.107142857142
2021-02-27,4375.605714285713
2021-02-28,4367.371428571426
2021-03-01,4373.255714285713
2021-03-02,4361.309999999999
2021-03-03,4335.125714285714
2021-03-04,4297.165714285713
2021-03-05,4281.204285714285
2021-03-06,4335.9628571428575
2021-03-07,4371.722857142858
2021-03-08,4368.454285714285
2021-03-09,4458.415714285714
2021-03-10,4471.118571428571
2021-03-11,4494.777142857144
2021-03-12,4515.358571428571
2021-03-13,4523.745714285714
2021-03-14,4505.911428571428
2021-03-15,4474.604285714286
2021-03-16,4451.9
2021-03-17,4467.1399999999985
2021-03-18,4531.124285714286
2021-03-19,4552.811428571429
2021-03-20,4536.587142857144
2021-03-21,4537.925714285714
2021-03-22,4570.678571428572
2021-03-23,4581.888571428572
2021-03-24,4640.445714285714
2021-03-25,4614.6
2021-03-26,4626.66
2021-03-27,4644.037142857143
2021-03-28,4646.141428571428
2021-03-29,4674.1100000000015
2021-03-30,4660.312857142857
2021-03-31,4634.501428571429
2021-04-01,4635.9514285714295
2021-04-02,4672.72142857143
2021-04-03,4689.782857142857
2021-04-04,4696.192857142858
2021-04-05,4706.955714285715
2021-04-06,4730.085714285713
2021-04-07,4740.038571428571
2021-04-08,4781.158571428571
2021-04-09,4757.0485714285705
2021-04-10,4746.151428571429
2021-04-11,4749.5
2021-04-12,4739.182857142856
2021-04-13,4691.892857142857
2021-04-14,4663.257142857143
2021-04-15,4677.954285714286
2021-04-16,4695.008571428571
2021-04-17,4698.548571428572
2021-04-18,4720.22142857143
2021-04-19,4729.237142857144
2021-04-20,4840.465714285714
2021-04-21,4892.327142857143
2021-04-22,4855.174285714285
2021-04-23,4793.807142857142
2021-04-24,4758.557142857142
2021-04-25,4743.884285714285
2021-04-26,4713.814285714285
2021-04-27,4609.6571428571415
2021-04-28,4563.595714285713
2021-04-29,4534.438571428572
2021-04-30,4581.841428571428
2021-05-01,4625.431428571428
2021-05-02,4610.675714285714
2021-05-03,4647.875714285714
2021-05-04,4668.798571428572
2021-05-05,4652.49857142857
2021-05-06,4696.13
2021-05-07,4658.862857142857
2021-05-08,4604.604285714287
2021-05-09,4587.085714285715
2021-05-10,4522.5314285714285
2021-05-11,4476.7014285714295
2021-05-12,4500.004285714285
2021-05-13,4492.829999999999
2021-05-14,4435.409999999999
2021-05-15,4453.354285714287
2021-05-16,4426.705714285714
2021-05-17,4417.812857142857
2021-05-18,4417.104285714285
2021-05-19,4360.675714285714
2021-05-20,4302.312857142858
2021-05-21,4295.579999999999
2021-05-22,4270.010000000001
2021-05-23,4263.174285714286
2021-05-24,4248.397142857143
2021-05-25,4221.161428571429
2021-05-26,4206.454285714286
2021-05-27,4200.365714285715
2021-05-28,4207.301428571429
2021-05-29,4158.594285714286
2021-05-30,4139.481428571427
2021-05-31,4138.037142857142
2021-06-01,4098.705714285713
2021-06-02,4099.368571428569
2021-06-03,4045.317142857142
2021-06-04,4022.8257142857137
2021-06-05,4003.121428571428
2021-06-06,3937.717142857143
2021-06-07,3861.844285714286
2021-06-08,3873.462857142857
2021-06-09,3841.9185714285713
2021-06-10,3811.0
2021-06-11,3786.4528571428577
2021-06-12,3740.9428571428575
2021-06-13,3751.692857142858
2021-06-14,3733.8671428571433
2021-06-15,3691.8842857142854
2021-06-16,3660.125714285714
2021-06-17,3633.6414285714272
2021-06-18,3584.0842857142848
2021-06-19,3613.4199999999996
2021-06-20,3574.4499999999985
2021-06-21,3590.102857142856
2021-06-22,3551.484285714286
2021-06-23,3533.2785714285715
2021-06-24,3553.9071428571433
2021-06-25,3480.3371428571427
2021-06-26,3412.7114285714297
2021-06-27,3408.3242857142855
2021-06-28,3356.83
2021-06-29,3359.6428571428573
2021-06-30,3305.8957142857143
2021-07-01,3247.3157142857144
2021-07-02,3267.3128571428574
2021-07-03,3279.7071428571426
2021-07-04,3243.020000000001
2021-07-05,3224.774285714285
2021-07-06,3178.1171428571433
2021-07-07,3150.692857142857
2021-07-08,3109.619999999998
2021-07-09,3091.438571428572
2021-07-10,3027.412857142858
2021-07-11,2998.185714285715
2021-07-12,3005.445714285715
2021-07-13,3002.9757142857156
2021-07-14,2976.500000000001
2021-07-15,2981.6042857142866
2021-07-16,2934.5457142857144
2021-07-17,2870.082857142858
2021-07-18,2812.5228571428574
2021-07-19,2698.2828571428586
2021-07-20,2642.484285714286
2021-07-21,2620.3542857142857
2021-07-22,2601.1242857142856
2021-07-23,2587.567142857142
2021-07-24,2597.3542857142857
2021-07-25,2607.661428571427
2021-07-26,2571.4342857142847
2021-07-27,2555.2228571428573
2021-07-28,2542.7042857142856
2021-07-29,2446.614285714286
2021-07-30,2435.802857142857
2021-07-31,2419.6128571428576
2021-08-01,2364.988571428572
2021-08-02,2398.1714285714284
2021-08-03,2414.2242857142865
2021-08-04,2374.2585714285706
2021-08-05,2384.1357142857146
2021-08-06,2322.8857142857155
2021-08-07,2270.7600000000007
2021-08-08,2271.034285714286
2021-08-09,2212.964285714285
2021-08-10,2139.934285714285
2021-08-11,2100.1642857142856
2021-08-12,2079.7485714285713
2021-08-13,2071.665714285714
2021-08-14,2087.324285714286
2021-08-15,2034.117142857143
2021-08-16,2022.498571428572
2021-08-17,1976.1257142857135
2021-08-18,1953.2971428571436
2021-08-19,1927.9028571428569
2021-08-20,1914.0928571428572
2021-08-21,1849.561428571428
2021-08-22,1856.937142857142
2021-08-23,1869.938571428571
2021-08-24,1878.3042857142862
2021-08-25,1906.944285714286
2021-08-26,1861.5571428571436
2021-08-27,1798.3285714285707
2021-08-28,1760.0257142857142
2021-08-29,1753.8971428571426
2021-08-30,1719.7199999999998
2021-08-31,1690.9271428571428
2021-09-01,1638.3800000000006
2021-09-02,1612.9328571428575
2021-09-03,1674.527142857143
2021-09-04,1698.3557142857128
2021-09-05,1652.0214285714292
2021-09-06,1637.3714285714284
2021-09-07,1633.135714285715
2021-09-08,1616.6499999999987
2021-09-09,1609.001428571429
2021-09-10,1552.3271428571431
2021-09-11,1575.984285714287
2021-09-12,1589.0357142857144
2021-09-13,1594.6628571428575
2021-09-14,1560.9171428571428
2021-09-15,1522.9128571428569
2021-09-16,1525.6385714285718
2021-09-17,1505.701428571428
2021-09-18,1478.284285714285
2021-09-19,1403.1485714285707
2021-09-20,1392.2442857142844
2021-09-21,1390.775714285714
2021-09-22,1394.301428571428
2021-09-23,1367.2857142857151
2021-09-24,1323.117142857143
2021-09-25,1310.3100000000004
2021-09-26,1341.6628571428566
2021-09-27,1275.2785714285712
2021-09-28,1245.4657142857143
2021-09-29,1242.4914285714294
2021-09-30,1295.5414285714285
2021-10-01,1321.5628571428572
2021-10-02,1268.362857142858
2021-10-03,1258.7028571428568
2021-10-04,1278.2071428571433
2021-10-05,1246.4042857142863
2021-10-06,1251.202857142857
2021-10-07,1209.7871428571434
2021-10-08,1230.0985714285723
2021-10-09,1302.290000000001
2021-10-10,1332.591428571429
2021-10-11,1334.1
2021-10-12,1370.1371428571433
2021-10-13,1428.9357142857152
2021-10-14,1438.1757142857145
2021-10-15,1427.1085714285725
2021-10-16,1391.054285714286
2021-10-17,1375.770000000001
2021-10-18,1383.5785714285716
2021-10-19,1400.6642857142863
2021-10-20,1339.9942857142864
2021-10-21,1344.740000000001
2021-10-22,1340.0357142857144
2021-10-23,1333.0357142857147
2021-10-24,1339.3485714285716
2021-10-25,1345.7714285714294
2021-10-26,1399.6000000000006
2021-10-27,1364.3300000000015
2021-10-28,1398.748571428571
2021-10-29,1447.9271428571442
2021-10-30,1430.1100000000004
2021-10-31,1432.322857142859
2021-11-01,1442.1600000000008
2021-11-02,1392.5971428571438
2021-11-03,1446.0528571428567
2021-11-04,1412.667142857144
2021-11-05,1437.7985714285712
2021-11-06,1517.04142857143
2021-11-07,1566.8685714285723
2021-11-08,1606.000000000001
2021-11-09,1628.140000000001
2021-11-10,1650.202857142857
2021-11-11,1701.5785714285716
2021-11-12,1655.3857142857153
2021-11-13,1668.6042857142866
2021-11-14,1654.6400000000012
2021-11-15,1650.0128571428581
2021-11-16,1708.7428571428588
2021-11-17,1749.228571428572
2021-11-18,1751.1542857142863
2021-11-19,1822.747142857143
2021-11-20,1805.2742857142873
2021-11-21,1844.997142857143
2021-11-22,1887.5085714285726
2021-11-23,1887.8014285714291
2021-11-24,1907.8171428571427
2021-11-25,1911.6671428571428
2021-11-26,1929.921428571429
2021-11-27,1972.7857142857142
2021-11-28,1972.4057142857148
2021-11-29,2006.5471428571425
2021-11-30,2022.8042857142855
2021-12-01,2010.687142857143
2021-12-02,2029.5257142857147
2021-12-03,2048.4185714285713
2021-12-04,2050.9671428571437
2021-12-05,2126.102857142858
2021-12-06,2085.6442857142856
2021-12-07,2164.0157142857147
2021-12-08,2225.9314285714286
2021-12-09,2284.7057142857134
2021-12-10,2287.804285714287
2021-12-11,2351.8171428571445
2021-12-12,2341.684285714286
2021-12-13,2438.4628571428575
2021-12-14,2433.3200000000006
2021-12-15,2461.0100000000007
2021-12-16,2484.502857142858
2021-12-17,2524.384285714286
2021-12-18,2552.0571428571448
2021-12-19,2546.0442857142857
2021-12-20,2523.5257142857163
2021-12-21,2567.197142857143
2021-12-22,2598.0000000000014
2021-12-23,2632.3728571428574
2021-12-24,2664.665714285716
2021-12-25,2696.3400000000006
2021-12-26,2752.3757142857153
2021-12-27,2795.6700000000005
2021-12-28,2815.140000000002
2021-12-29,2822.9185714285722
2021-12-30,2868.1171428571433
2021-12-31,2863.8371428571427
2022-01-01,2911.124285714286
2022-01-02,2965.575714285715
2022-01-03,3020.5614285714273
2022-01-04,3070.2985714285724
2022-01-05,3158.7785714285715
2022-01-06,3203.627142857143
2022-01-07,3232.5485714285724
2022-01-08,3214.9757142857147
2022-01-09,3223.365714285716
2022-01-10,3250.3428571428576
2022-01-11,3272.2699999999995
2022-01-12,3252.9000000000005
2022-01-13,3267.0042857142867
2022-01-14,3322.065714285716
2022-01-15,3368.1342857142863
2022-01-16,3383.074285714287
2022-01-17,3394.358571428571
2022-01-18,3385.852857142856
2022-01-19,3411.96
2022-01-20,3461.9085714285716
2022-01-21,3489.0200000000004
2022-01-22,3589.6899999999996
2022-01-23,3661.441428571429
2022-01-24,3716.092857142858
2022-01-25,3757.4328571428578
2022-01-26,3823.972857142857
2022-01-27,3819.5257142857145
2022-01-28,3872.7842857142855
2022-01-29,3901.3614285714293
2022-01-30,3918.6757142857145
2022-01-31,3969.0957142857137
2022-02-01,4001.974285714285
2022-02-02,4015.5628571428574
2022-02-03,4094.972857142858
2022-02-04,4107.828571428572
2022-02-05,4120.48
2022-02-06,4166.135714285716
2022-02-07,4157.6385714285725
2022-02-08,4214.184285714287
2022-02-09,4263.435714285714
2022-02-10,4266.2014285714295
2022-02-11,4273.095714285714
2022-02-12,4245.492857142857
2022-02-13,4251.544285714286
2022-02-14,4288.218571428572
2022-02-15,4313.872857142858
2022-02-16,4322.427142857146
2022-02-17,4305.750000000001
2022-02-18,4372.472857142859
2022-02-19,4425.727142857144
2022-02-20,4467.267142857144
2022-02-21,4515.908571428571
2022-02-22,4544.0028571428575
2022-02-23,4573.192857142858
2022-02-24,4623.087142857144
2022-02-25,4601.75142857143
2022-02-26,4619.888571428572
2022-02-27,4633.965714285713
2022-02-28,4637.848571428572
2022-03-01,4613.438571428571
2022-03-02,4600.84
2022-03-03,4644.9014285714275
2022-03-04,4699.212857142858
2022-03-05,4723.75
2022-03-06,4738.612857142857
2022-03-07,4751.698571428571
2022-03-08,4816.987142857142
2022-03-09,4846.468571428572
2022-03-10,4842.881428571429
2022-03-11,4850.285714285715
2022-03-12,4842.371428571428
2022-03-13,4850.671428571429
2022-03-14,4869.854285714284
2022-03-15,4854.072857142856
2022-03-16,4906.144285714285
2022-03-17,4898.534285714284
2022-03-18,4917.568571428571
2022-03-19,4930.097142857145
2022-03-20,4979.875714285714
2022-03-21,4990.975714285714
2022-03-22,5034.494285714286
2022-03-23,4986.395714285714
2022-03-24,5021.425714285715
2022-03-25,5054.120000000001
2022-03-26,5074.421428571428
2022-03-27,5074.847142857143
2022-03-28,5067.634285714285
2022-03-29,5083.2871428571425
2022-03-30,5171.425714285714
2022-03-31,5164.44857142857
2022-04-01,5141.834285714285
2022-04-02,5176.6842857142865
2022-04-03,5192.641428571427
2022-04-04,5196.935714285714
2022-04-05,5161.615714285713
2022-04-06,5109.668571428573
2022-04-07,5091.455714285714
2022-04-08,5083.608571428572
2022-04-09,5032.707142857144
2022-04-10,4983.634285714285
2022-04-11,4994.790000000001
2022-04-12,5008.975714285715
2022-04-13,5047.87
2022-04-14,5054.385714285714
2022-04-15,5093.731428571429
2022-04-16,5108.7
2022-04-17,5121.599999999999
2022-04-18,5133.782857142859
2022-04-19,5101.157142857143
2022-04-20,5072.052857142858
2022-04-21,5092.414285714285
2022-04-22,5076.752857142858
2022-04-23,5081.892857142857
2022-04-24,5129.4057142857155
2022-04-25,5094.599999999999
2022-04-26,5100.087142857144
2022-04-27,5070.834285714285
2022-04-28,5047.148571428572
2022-04-29,5014.215714285713
2022-04-30,5024.271428571428
2022-05-01,4992.368571428572
2022-05-02,4983.579999999999
2022-05-03,4966.401428571429
2022-05-04,4978.6442857142865
2022-05-05,4967.015714285714
2022-05-06,4982.052857142857
2022-05-07,4948.259999999998
2022-05-08,4872.2028571428555
2022-05-09,4903.982857142856
2022-05-10,4946.224285714285
2022-05-11,4908.449999999999
2022-05-12,4896.975714285714
2022-05-13,4874.085714285714
2022-05-14,4861.001428571429
2022-05-15,4891.247142857144
2022-05-16,4884.3771428571445
2022-05-17,4824.884285714285
2022-05-18,4803.264285714288
2022-05-19,4763.947142857143
2022-05-20,4723.672857142857
2022-05-21,4696.900000000001
2022-05-22,4701.941428571429
2022-05-23,4628.072857142857
2022-05-24,4616.565714285714
2022-05-25,4612.8385714285705
2022-05-26,4646.998571428572
2022-05-27,4695.574285714284
2022-05-28,4663.3042857142855
2022-05-29,4592.395714285714
2022-05-30,4603.542857142857
2022-05-31,4590.692857142858
2022-06-01,4607.610000000001
2022-06-02,4571.317142857143
2022-06-03,4485.802857142858
2022-06-04,4485.849999999999
2022-06-05,4495.800000000001
2022-06-06,4466.407142857143
2022-06-07,4437.77
2022-06-08,4395.870000000002
2022-06-09,4382.948571428572
2022-06-10,4394.527142857143
2022-06-11,4369.768571428572
2022-06-12,4316.1685714285695
2022-06-13,4275.221428571427
2022-06-14,4263.4528571428555
2022-06-15,4196.105714285714
2022-06-16,4151.741428571428
2022-06-17,4086.2700000000004
2022-06-18,4045.3514285714286
2022-06-19,4048.497142857144
2022-06-20,4021.4257142857155
2022-06-21,3968.362857142857
2022-06-22,3928.35
2022-06-23,3907.8971428571435
2022-06-24,3901.4585714285718
2022-06-25,3918.35142857143
2022-06-26,3855.374285714287
2022-06-27,3826.860000000001
2022-06-28,3801.9728571428554
2022-06-29,3835.5671428571413
2022-06-30,3788.0828571428565
2022-07-01,3750.6842857142847
2022-07-02,3687.725714285713
2022-07-03,3668.614285714285
2022-07-04,3624.5785714285707
2022-07-05,3593.562857142858
2022-07-06,3552.888571428572
2022-07-07,3503.015714285713
2022-07-08,3469.938571428572
2022-07-09,3411.9400000000005
2022-07-10,3403.5671428571445
2022-07-11,3350.508571428572
2022-07-12,3304.3942857142865
2022-07-13,3259.5071428571428
2022-07-14,3285.1114285714293
2022-07-15,3250.948571428572
2022-07-16,3224.1914285714283
2022-07-17,3209.0842857142857
2022-07-18,3180.947142857143
2022-07-19,3116.1285714285714
2022-07-20,3087.8757142857144
2022-07-21,3014.0600000000004
2022-07-22,2964.171428571429
2022-07-23,2961.9399999999996
2022-07-24,2897.6614285714295
2022-07-25,2887.534285714285
2022-07-26,2878.2814285714303
2022-07-27,2858.755714285714
2022-07-28,2854.804285714287
2022-07-29,2846.079999999999
2022-07-30,2842.157142857144
2022-07-31,2785.8642857142863
2022-08-01,2737.310000000001
2022-08-02,2722.1600000000003
2022-08-03,2674.9314285714286
2022-08-04,2638.8685714285725
2022-08-05,2608.6985714285715
2022-08-06,2549.7742857142866
2022-08-07,2519.2242857142855
2022-08-08,2556.434285714285
2022-08-09,2543.335714285714
2022-08-10,2542.3485714285716
2022-08-11,2518.84142857143
2022-08-12,2508.4371428571435
2022-08-13,2488.025714285716
2022-08-14,2499.652857142857
2022-08-15,2458.0014285714287
2022-08-16,2464.0628571428574
2022-08-17,2420.4671428571437
2022-08-18,2404.77142857143
2022-08-19,2369.845714285715
2022-08-20,2365.615714285716
2022-08-21,2318.991428571429
2022-08-22,2321.6228571428574
2022-08-23,2270.4499999999994
2022-08-24,2214.1114285714284
2022-08-25,2180.5671428571427
2022-08-26,2147.175714285713
2022-08-27,2113.9928571428572
2022-08-28,2094.5542857142864
2022-08-29,2026.85
2022-08-30,1968.0699999999997
2022-08-31,1970.294285714286
2022-09-01,1897.2785714285717
2022-09-02,1860.0214285714292
2022-09-03,1840.8157142857146
2022-09-04,1854.5828571428572
2022-09-05,1856.64
2022-09-06,1860.228571428573
2022-09-07,1853.164285714287
2022-09-08,1889.744285714286
2022-09-09,1884.0342857142864
2022-09-10,1885.5885714285719
2022-09-11,1873.6471428571429
2022-09-12,1846.361428571428
2022-09-13,1854.6985714285722
2022-09-14,1847.7028571428577
2022-09-15,1792.0271428571427
2022-09-16,1800.0357142857142
2022-09-17,1742.1785714285713
2022-09-18,1691.380000000001
2022-09-19,1680.0514285714278
2022-09-20,1708.4571428571444
2022-09-21,1708.6871428571435
2022-09-22,1731.6657142857148
2022-09-23,1741.208571428571
2022-09-24,1778.2942857142864
2022-09-25,1812.5700000000002
2022-09-26,1813.387142857143
2022-09-27,1755.035714285715
2022-09-28,1750.818571428571
2022-09-29,1766.5642857142855
2022-09-30,1769.0757142857142
2022-10-01,1748.8242857142852
2022-10-02,1748.1514285714284
2022-10-03,1732.5814285714291
2022-10-04,1772.3800000000006
2022-10-05,1759.8885714285716
2022-10-06,1794.6942857142867
2022-10-07,1760.0399999999997
2022-10-08,1783.4571428571428
2022-10-09,1765.570000000001
2022-10-10,1763.9742857142858
2022-10-11,1726.8014285714285
2022-10-12,1717.660000000002
2022-10-13,1684.770000000001
2022-10-14,1713.7642857142857
2022-10-15,1667.824285714285
2022-10-16,1667.1442857142856
2022-10-17,1731.6214285714284
2022-10-18,1784.1500000000008
2022-10-19,1806.0314285714283
2022-10-20,1803.9485714285715
2022-10-21,1802.0328571428572
2022-10-22,1834.7128571428566
2022-10-23,1821.0757142857126
2022-10-24,1777.931428571428
2022-10-25,1713.95
2022-10-26,1722.4628571428577
2022-10-27,1745.3357142857142
2022-10-28,1742.7371428571419
2022-10-29,1774.1514285714281
2022-10-30,1781.1385714285718
2022-10-31,1767.111428571429
2022-11-01,1820.009999999999
2022-11-02,1846.718571428572
2022-11-03,1882.25
2022-11-04,1896.5728571428567
2022-11-05,1900.2428571428582
2022-11-06,1940.447142857143
2022-11-07,1983.3642857142877
2022-11-08,2013.197142857143
2022-11-09,2020.9114285714295
2022-11-10,1967.681428571427
2022-11-11,2026.2471428571437
2022-11-12,2050.2500000000005
2022-11-13,2055.660000000001
2022-11-14,2086.272857142856
2022-11-15,2096.7928571428574
2022-11-16,2107.7014285714276
2022-11-17,2149.4157142857157
2022-11-18,2123.5299999999997
2022-11-19,2113.9714285714285
2022-11-20,2173.4771428571426
2022-11-21,2198.0185714285717
2022-11-22,2201.261428571429
2022-11-23,2234.372857142856
2022-11-24,2207.6714285714293
2022-11-25,2269.604285714287
2022-11-26,2256.168571428572
2022-11-27,2246.934285714286
2022-11-28,2235.312857142858
2022-11-29,2239.8828571428585
2022-11-30,2272.9385714285727
2022-12-01,2349.011428571429
2022-12-02,2357.2057142857147
2022-12-03,2419.1871428571435
2022-12-04,2463.2000000000007
2022-12-05,2515.1714285714297
2022-12-06,2542.0557142857156
2022-12-07,2565.4557142857147
2022-12-08,2592.11
2022-12-09,2578.820000000001
2022-12-10,2598.4114285714286
2022-12-11,2648.3700000000003
2022-12-12,2693.22
2022-12-13,2741.7642857142864
2022-12-14,2741.692857142858
2022-12-15,2774.371428571429
2022-12-16,2881.4399999999987
2022-12-17,2928.224285714287
2022-12-18,2934.9100000000008
2022-12-19,2968.594285714287
2022-12-20,3011.195714285714
2022-12-21,3043.3214285714284
2022-12-22,3076.3685714285716
2022-12-23,3060.857142857143
2022-12-24,3082.5528571428576
2022-12-25,3119.7514285714296
2022-12-26,3129.742857142857
2022-12-27,3171.4085714285716
2022-12-28,3206.4300000000007
2022-12-29,3244.7285714285717
2022-12-30,3235.951428571429
2022-12-31,3288.984285714286
2023-01-01,3313.500000000001
2023-01-02,3366.5299999999997
2023-01-03,3321.589999999999
2023-01-04,3400.9471428571433
2023-01-05,3428.097142857144
2023-01-06,3526.5228571428593
2023-01-07,3516.487142857143
2023-01-08,3554.094285714287
2023-01-09,3542.0414285714296
2023-01-10,3622.640000000002
2023-01-11,3650.7957142857153
2023-01-12,3681.5700000000015
2023-01-13,3694.3214285714284
2023-01-14,3767.0499999999997
2023-01-15,3796.2928571428583
2023-01-16,3853.7842857142855
2023-01-17,3906.599999999999
2023-01-18,3948.6385714285725
2023-01-19,3982.957142857143
2023-01-20,4013.980000000001
2023-01-21,4049.119999999999
2023-01-22,4093.345714285715
2023-01-23,4146.595714285715
2023-01-24,4183.368571428571
2023-01-25,4138.141428571429
2023-01-26,4204.998571428572
2023-01-27,4206.590000000001
2023-01-28,4220.861428571429
2023-01-29,4211.134285714287
2023-01-30,4214.267142857144
2023-01-31,4237.378571428572
2023-02-01,4298.312857142857
2023-02-02,4301.698571428572
2023-02-03,4389.972857142858
2023-02-04,4422.111428571428
2023-02-05,4461.715714285714
2023-02-06,4512.180000000001
2023-02-07,4558.805714285715
2023-02-08,4553.538571428572
2023-02-09,4584.958571428571
2023-02-10,4592.79
2023-02-11,4603.801428571429
2023-02-12,4665.330000000002
2023-02-13,4667.977142857142
2023-02-14,4671.397142857144
2023-02-15,4719.900000000001
2023-02-16,4733.02
2023-02-17,4719.765714285715
2023-02-18,4720.21142857143
2023-02-19,4749.487142857143
2023-02-20,4758.794285714286
2023-02-21,4758.745714285714
2023-02-22,4739.835714285714
2023-02-23,4748.9685714285715
2023-02-24,4766.89142857143
2023-02-25,4855.338571428571
2023-02-26,4864.825714285714
2023-02-27,4889.85142857143
2023-02-28,4980.585714285715
2023-03-01,5068.585714285716
2023-03-02,5095.722857142859
2023-03-03,5090.505714285715
2023-03-04,5123.978571428573
2023-03-05,5091.702857142858
2023-03-06,5089.897142857144
2023-03-07,5081.810000000001
2023-03-08,5130.875714285716
2023-03-09,5184.874285714285
2023-03-10,5267.438571428572
2023-03-11,5247.5542857142855
2023-03-12,5311.617142857142
2023-03-13,5378.67
2023-03-14,5377.842857142858
2023-03-15,5342.38
2023-03-16,5325.4800000000005
2023-03-17,5310.860000000001
2023-03-18,5305.234285714286
2023-03-19,5263.311428571428
2023-03-20,5257.088571428571
2023-03-21,5241.528571428572
2023-03-22,5226.795714285714
2023-03-23,5242.635714285715
2023-03-24,5298.757142857143
2023-03-25,5334.075714285713
2023-03-26,5345.814285714285
2023-03-27,5335.314285714285
2023-03-28,5384.739999999998
2023-03-29,5394.898571428571
2023-03-30,5393.272857142856
2023-03-31,5381.751428571429
2023-04-01,5347.318571428573
2023-04-02,5388.7
2023-04-03,5386.262857142857
2023-04-04,5357.631428571429
2023-04-05,5389.421428571429
2023-04-06,5363.452857142857
2023-04-07,5363.927142857143
2023-04-08,5386.5485714285705
2023-04-09,5397.888571428571
2023-04-10,5432.500000000002
2023-04-11,5475.312857142858
2023-04-12,5471.305714285714
2023-04-13,5495.870000000001
2023-04-14,5488.15
2023-04-15,5498.780000000001
2023-04-16,5486.025714285713
2023-04-17,5479.604285714285
2023-04-18,5432.308571428572
2023-04-19,5411.872857142857
2023-04-20,5386.944285714287
2023-04-21,5417.217142857144
2023-04-22,5373.800000000001
2023-04-23,5352.261428571429
2023-04-24,5329.835714285715
2023-04-25,5357.377142857144
2023-04-26,5358.068571428573
2023-04-27,5407.157142857145
2023-04-28,5347.0185714285735
2023-04-29,5370.928571428573
2023-04-30,5358.65
2023-05-01,5410.284285714286
2023-05-02,5355.432857142856
2023-05-03,5357.671428571428
2023-05-04,5333.304285714284
2023-05-05,5344.904285714286
2023-05-06,5322.772857142856
2023-05-07,5325.228571428571
2023-05-08,5267.061428571427
2023-05-09,5275.75
2023-05-10,5275.687142857143
2023-05-11,5294.932857142857
2023-05-12,5259.12
2023-05-13,5218.284285714286
2023-05-14,5203.272857142857
2023-05-15,5241.2685714285735
2023-05-16,5210.412857142857
2023-05-17,5207.664285714286
2023-05-18,5178.601428571427
2023-05-19,5160.6171428571415
2023-05-20,5183.677142857142
2023-05-21,5201.567142857143
2023-05-22,5118.8614285714275
2023-05-23,5112.018571428571
2023-05-24,5044.335714285714
2023-05-25,4966.158571428572
2023-05-26,4943.245714285715
2023-05-27,4883.589999999999
2023-05-28,4827.8214285714275
2023-05-29,4797.481428571427
2023-05-30,4784.534285714286
2023-05-31,4740.992857142857
2023-06-01,4746.819999999998
2023-06-02,4755.254285714285
2023-06-03,4715.0928571428585
2023-06-04,4698.392857142858
2023-06-05,4716.902857142857
2023-06-06,4661.372857142856
2023-06-07,4705.657142857143
2023-06-08,4682.361428571429
2023-06-09,4623.927142857142
2023-06-10,4639.715714285713
2023-06-11,4617.661428571429
2023-06-12,4566.721428571427
2023-06-13,4577.677142857141
2023-06-14,4495.357142857142
2023-06-15,4463.024285714286
2023-06-16,4420.629999999999
2023-06-17,4392.017142857144
2023-06-18,4333.051428571428
2023-06-19,4287.830000000002
2023-06-20,4274.750000000002
2023-06-21,4289.658571428572
2023-06-22,4270.702857142857
2023-06-23,4249.045714285714
2023-06-24,4215.948571428572
2023-06-25,4232.465714285713
2023-06-26,4222.278571428572
2023-06-27,4216.375714285715
2023-06-28,4172.182857142856
2023-06-29,4133.897142857142
2023-06-30,4121.228571428572
2023-07-01,4101.325714285714
2023-07-02,4042.4328571428564
2023-07-03,4024.864285714286
2023-07-04,3965.8928571428573
2023-07-05,3910.7914285714287
2023-07-06,3848.2714285714283
2023-07-07,3785.63
2023-07-08,3763.7057142857157
2023-07-09,3713.360000000001
2023-07-10,3622.0700000000006
2023-07-11,3579.9099999999994
2023-07-12,3620.195714285715
2023-07-13,3618.628571428571
2023-07-14,3646.0057142857154
2023-07-15,3606.968571428572
2023-07-16,3598.631428571427
2023-07-17,3634.65
2023-07-18,3590.3557142857153
2023-07-19,3512.985714285714
2023-07-20,3490.4099999999985
2023-07-21,3428.6142857142863
2023-07-22,3418.7057142857147
2023-07-23,3387.768571428572
2023-07-24,3322.6871428571435
2023-07-25,3311.335714285714
2023-07-26,3257.418571428572
2023-07-27,3222.3357142857144
2023-07-28,3207.814285714286
2023-07-29,3181.342857142858
2023-07-30,3166.948571428572
2023-07-31,3154.4700000000007
2023-08-01,3132.5442857142857
2023-08-02,3153.8285714285716
2023-08-03,3137.6228571428574
2023-08-04,3110.6957142857145
2023-08-05,3032.190000000001
2023-08-06,2972.2971428571436
2023-08-07,2939.63
2023-08-08,2882.6285714285723
2023-08-09,2822.667142857142
2023-08-10,2786.022857142858
2023-08-11,2771.514285714287
2023-08-12,2772.7528571428566
2023-08-13,2780.9242857142845
2023-08-14,2764.061428571428
2023-08-15,2710.3042857142855
2023-08-16,2670.0014285714287
2023-08-17,2641.8342857142866
2023-08-18,2581.017142857143
2023-08-19,2572.1685714285722
2023-08-20,2571.665714285714
2023-08-21,2573.862857142857
2023-08-22,2589.4328571428573
2023-08-23,2619.675714285716
2023-08-24,2604.481428571429
2023-08-25,2602.084285714287
2023-08-26,2555.3628571428576
2023-08-27,2495.741428571429
2023-08-28,2441.36
2023-08-29,2430.032857142858
2023-08-30,2382.3785714285723
2023-08-31,2360.514285714286
2023-09-01,2358.7700000000023
2023-09-02,2379.5185714285717
2023-09-03,2388.8614285714293
2023-09-04,2348.304285714287
2023-09-05,2273.305714285714
2023-09-06,2273.705714285714
2023-09-07,2228.6171428571433
2023-09-08,2199.154285714285
2023-09-09,2133.73857142857
2023-09-10,2060.41
2023-09-11,2089.928571428571
2023-09-12,2147.488571428571
2023-09-13,2102.152857142858
2023-09-14,2063.437142857143
2023-09-15,2044.547142857143
2023-09-16,2066.500000000001
2023-09-17,2062.395714285714
2023-09-18,2044.187142857142
2023-09-19,2017.5528571428576
2023-09-20,2032.7800000000004
2023-09-21,2081.8271428571425
2023-09-22,2064.1485714285714
2023-09-23,2073.368571428571
2023-09-24,2094.1485714285714
2023-09-25,2082.634285714286
2023-09-26,2056.478571428571
2023-09-27,2028.6000000000015
2023-09-28,2001.6300000000006
2023-09-29,2013.8500000000015
2023-09-30,2020.4871428571423
2023-10-01,1990.610000000001
2023-10-02,1953.2685714285712
2023-10-03,2001.9700000000016
2023-10-04,2004.69
2023-10-05,2007.5485714285714
2023-10-06,2032.3042857142848
2023-10-07,1981.945714285716
2023-10-08,2050.301428571428
2023-10-09,2099.7657142857147
2023-10-10,2058.6800000000003
2023-10-11,2110.82
2023-10-12,2114.1371428571424
2023-10-13,2110.245714285713
2023-10-14,2132.6585714285716
2023-10-15,2124.9771428571426
2023-10-16,2147.9942857142864
2023-10-17,2163.747142857144
2023-10-18,2106.514285714286
2023-10-19,2135.017142857145
2023-10-20,2110.785714285714
2023-10-21,2154.232857142857
2023-10-22,2136.502857142858
2023-10-23,2102.9728571428577
2023-10-24,2114.521428571429
2023-10-25,2110.59142857143
2023-10-26,2089.2214285714294
2023-10-27,2139.2857142857147
2023-10-28,2092.391428571429
2023-10-29,2077.8642857142863
2023-10-30,2108.5271428571436
2023-10-31,2141.812857142859
2023-11-01,2198.4200000000005
2023-11-02,2253.410000000001
2023-11-03,2224.7857142857147
2023-11-04,2222.1971428571433
2023-11-05,2291.0871428571413
2023-11-06,2287.4371428571435
2023-11-07,2271.892857142858
2023-11-08,2300.6557142857146
2023-11-09,2307.405714285714
2023-11-10,2350.0257142857145
2023-11-11,2443.977142857142
2023-11-12,2415.560000000001
2023-11-13,2460.3471428571434
2023-11-14,2485.3757142857144
2023-11-15,2481.538571428572
2023-11-16,2521.6728571428575
2023-11-17,2542.5128571428577
2023-11-18,2527.802857142858
2023-11-19,2585.1357142857155
2023-11-20,2578.4028571428585
2023-11-21,2580.571428571429
2023-11-22,2574.198571428572
2023-11-23,2521.4714285714276
2023-11-24,2577.1971428571437
2023-11-25,2564.9471428571424
2023-11-26,2560.5214285714296
2023-11-27,2586.072857142858
2023-11-28,2634.664285714286
2023-11-29,2698.9042857142863
2023-11-30,2784.1942857142867
2023-12-01,2752.6928571428575
2023-12-02,2798.1357142857155
2023-12-03,2834.6400000000012
2023-12-04,2861.2657142857142
2023-12-05,2915.452857142858
2023-12-06,2935.127142857143
2023-12-07,2959.362857142857
2023-12-08,3013.274285714288
2023-12-09,3069.491428571428
2023-12-10,3095.074285714287
2023-12-11,3100.6371428571424
2023-12-12,3103.0357142857165
2023-12-13,3107.080000000001
2023-12-14,3108.7657142857142
2023-12-15,3136.1171428571433
2023-12-16,3166.718571428574
2023-12-17,3192.721428571431
2023-12-18,3256.7585714285733
2023-12-19,3314.495714285716
2023-12-20,3363.625714285716
2023-12-21,3460.8971428571444
2023-12-22,3490.8128571428574
2023-12-23,3457.07142857143
2023-12-24,3503.4357142857157
2023-12-25,3535.8071428571416
2023-12-26,3557.9257142857145
2023-12-27,3598.2757142857154
2023-12-28,3570.758571428572
2023-12-29,3564.8099999999995
2023-12-30,3630.5685714285714
2023-12-31,3628.7999999999997
2024-01-01,3640.875714285714
2024-01-02,3658.607142857143
2024-01-03,3712.787142857142
2024-01-04,3757.0871428571427
2024-01-05,3789.5228571428584
2024-01-06,3835.3900000000012
2024-01-07,3911.141428571428
2024-01-08,3942.4142857142856
2024-01-09,3958.8371428571436
2024-01-10,3955.271428571429
2024-01-11,3961.8871428571424
2024-01-12,4033.2757142857145
2024-01-13,4052.9957142857143
2024-01-14,4068.144285714286
2024-01-15,4093.9442857142853
2024-01-16,4119.135714285713
2024-01-17,4165.927142857145
2024-01-18,4206.308571428571
2024-01-19,4260.888571428572
2024-01-20,4286.29
2024-01-21,4313.384285714285
2024-01-22,4383.544285714285
2024-01-23,4393.561428571429
2024-01-24,4371.257142857143
2024-01-25,4377.322857142857
2024-01-26,4397.992857142857
2024-01-27,4425.195714285714
2024-01-28,4505.5
2024-01-29,4503.551428571428
2024-01-30,4567.844285714285
2024-01-31,4668.374285714285
2024-02-01,4773.608571428571
2024-02-02,4820.075714285715
2024-02-03,4886.924285714285
2024-02-04,4882.955714285716
2024-02-05,4936.415714285714
2024-02-06,4977.571428571428
2024-02-07,4960.898571428572
2024-02-08,4928.302857142857
2024-02-09,4911.714285714285
2024-02-10,4909.56142857143
2024-02-11,4905.01142857143
2024-02-12,4934.0542857142855
2024-02-13,4964.3671428571415
2024-02-14,5004.29
2024-02-15,5079.389999999999
2024-02-16,5080.585714285714
2024-02-17,5105.3442857142845
2024-02-18,5124.622857142856
2024-02-19,5094.291428571429
2024-02-20,5096.289999999999
2024-02-21,5115.672857142856
2024-02-22,5139.968571428572
2024-02-23,5201.108571428573
2024-02-24,5206.094285714285
2024-02-25,5283.588571428571
2024-02-26,5371.767142857143
2024-02-27,5407.635714285715
2024-02-28,5426.614285714287
2024-02-29,5394.441428571429
2024-03-01,5393.3557142857135
2024-03-02,5458.624285714286
2024-03-03,5478.845714285713
2024-03-04,5504.89
2024-03-05,5500.645714285713
2024-03-06,5499.774285714285
2024-03-07,5541.175714285714
2024-03-08,5528.630000000001
2024-03-09,5529.144285714286
2024-03-10,5502.06
2024-03-11,5475.002857142859
2024-03-12,5466.838571428573
2024-03-13,5516.897142857144
2024-03-14,5517.047142857143
2024-03-15,5543.977142857143
2024-03-16,5489.124285714287
2024-03-17,5504.830000000003
2024-03-18,5565.434285714287
2024-03-19,5647.351428571429
2024-03-20,5638.200000000002
2024-03-21,5647.858571428571
2024-03-22,5693.617142857143
2024-03-23,5743.908571428571
2024-03-24,5760.591428571429
2024-03-25,5748.145714285714
2024-03-26,5747.438571428572
2024-03-27,5763.169999999999
2024-03-28,5779.274285714286
2024-03-29,5757.458571428571
2024-03-30,5767.652857142858
2024-03-31,5762.328571428571
2024-04-01,5759.254285714287
2024-04-02,5757.482857142857
2024-04-03,5746.83142857143
2024-04-04,5787.065714285715
2024-04-05,5803.422857142859
2024-04-06,5823.507142857143
2024-04-07,5814.639999999999
2024-04-08,5756.578571428571
2024-04-09,5757.171428571428
2024-04-10,5790.8671428571415
2024-04-11,5753.015714285713
2024-04-12,5759.891428571429
2024-04-13,5770.504285714286
2024-04-14,5751.6
2024-04-15,5790.24857142857
2024-04-16,5785.832857142857
2024-04-17,5740.144285714287
2024-04-18,5748.914285714286
2024-04-19,5714.335714285715
2024-04-20,5708.675714285714
2024-04-21,5736.274285714287
2024-04-22,5707.358571428573
2024-04-23,5709.135714285716
2024-04-24,5713.594285714287
2024-04-25,5682.748571428572
2024-04-26,5708.41
2024-04-27,5714.814285714287
2024-04-28,5685.088571428571
2024-04-29,5711.794285714286
2024-04-30,5686.297142857144
2024-05-01,5706.664285714287
2024-05-02,5717.087142857143
2024-05-03,5693.712857142857
2024-05-04,5639.665714285716
2024-05-05,5651.095714285716
2024-05-06,5614.137142857143
2024-05-07,5529.210000000001
2024-05-08,5510.102857142858
2024-05-09,5511.614285714288
2024-05-10,5454.304285714288
2024-05-11,5435.401428571429
2024-05-12,5431.370000000002
2024-05-13,5482.53142857143
2024-05-14,5529.231428571427
2024-05-15,5487.49142857143
2024-05-16,5446.984285714286
2024-05-17,5509.434285714285
2024-05-18,5499.161428571429
2024-05-19,5450.282857142858
2024-05-20,5376.952857142857
2024-05-21,5336.7757142857145
2024-05-22,5335.302857142859
2024-05-23,5353.942857142858
2024-05-24,5310.9228571428575
2024-05-25,5298.495714285715
2024-05-26,5288.132857142858
2024-05-27,5243.375714285716
2024-05-28,5260.762857142859
2024-05-29,5234.147142857144
2024-05-30,5172.798571428572
2024-05-31,5211.292857142857
2024-06-01,5199.761428571428
2024-06-02,5166.238571428572
2024-06-03,5166.615714285715
2024-06-04,5148.005714285714
2024-06-05,5127.501428571428
2024-06-06,5075.652857142858
2024-06-07,5001.7414285714285
2024-06-08,4955.557142857143
2024-06-09,4986.07
2024-06-10,4992.345714285714
2024-06-11,4931.890000000001
2024-06-12,4930.402857142858
2024-06-13,4935.925714285714
2024-06-14,4907.518571428572
2024-06-15,4905.014285714287
2024-06-16,4819.311428571429
2024-06-17,4754.744285714287
2024-06-18,4758.568571428573
2024-06-19,4695.921428571429
2024-06-20,4657.612857142857
2024-06-21,4590.492857142856
2024-06-22,4560.64
2024-06-23,4594.272857142858
2024-06-24,4556.34142857143
2024-06-25,4505.8042857142855
2024-06-26,4514.125714285714
2024-06-27,4491.832857142858
2024-06-28,4492.645714285715
2024-06-29,4431.35142857143
2024-06-30,4366.788571428573
2024-07-01,4356.022857142857
2024-07-02,4346.921428571429
2024-07-03,4312.330000000001
2024-07-04,4339.6957142857145
2024-07-05,4312.544285714287
2024-07-06,4312.372857142858
2024-07-07,4277.411428571428
2024-07-08,4243.884285714285
2024-07-09,4200.032857142857
2024-07-10,4138.274285714286
2024-07-11,4056.4157142857134
2024-07-12,4042.265714285715
2024-07-13,3983.777142857143
2024-07-14,3974.1328571428585
2024-07-15,3980.062857142859
2024-07-16,3940.468571428571
2024-07-17,3871.5814285714287
2024-07-18,3825.2685714285712
2024-07-19,3795.227142857142
2024-07-20,3786.7942857142866
2024-07-21,3711.5414285714305
2024-07-22,3643.194285714286
2024-07-23,3634.5457142857135
2024-07-24,3662.6628571428573
2024-07-25,3641.632857142856
2024-07-26,3577.1871428571426
2024-07-27,3540.641428571429
2024-07-28,3513.8057142857137
2024-07-29,3530.9228571428584
2024-07-30,3477.865714285716
2024-07-31,3464.2785714285715
2024-08-01,3474.24
2024-08-02,3475.937142857144
2024-08-03,3447.737142857143
2024-08-04,3449.0285714285715
2024-08-05,3386.997142857144
2024-08-06,3347.877142857142
2024-08-07,3302.3285714285707
2024-08-08,3218.2985714285737
2024-08-09,3196.45142857143
2024-08-10,3170.107142857143
2024-08-11,3140.4057142857155
2024-08-12,3121.9171428571435
2024-08-13,3110.948571428572
2024-08-14,3092.082857142858
2024-08-15,3082.991428571429
2024-08-16,3052.345714285716
2024-08-17,3009.9157142857143
2024-08-18,2985.097142857144
2024-08-19,2997.6957142857136
2024-08-20,2959.2714285714296
2024-08-21,2909.989999999999
2024-08-22,2909.3471428571443
2024-08-23,2873.058571428572
2024-08-24,2888.3171428571436
2024-08-25,2875.3714285714286
2024-08-26,2827.087142857145
2024-08-27,2852.3528571428583
2024-08-28,2856.1057142857153
2024-08-29,2820.7728571428574
2024-08-30,2812.592857142858
2024-08-31,2827.4614285714297
2024-09-01,2796.225714285714
2024-09-02,2744.2542857142867
2024-09-03,2727.1428571428564
2024-09-04,2699.160000000001
2024-09-05,2641.5928571428576
2024-09-06,2629.6057142857153
2024-09-07,2562.140000000002
2024-09-08,2548.214285714286
2024-09-09,2561.844285714287
2024-09-10,2528.3000000000025
2024-09-11,2532.6485714285714
2024-09-12,2556.9142857142874
2024-09-13,2537.267142857145
2024-09-14,2531.174285714288
2024-09-15,2537.4300000000003
2024-09-16,2532.474285714286
2024-09-17,2497.812857142858
2024-09-18,2495.842857142859
2024-09-19,2484.1500000000015
2024-09-20,2481.4328571428587
2024-09-21,2486.3328571428588
2024-09-22,2501.8671428571442
2024-09-23,2476.3785714285723
2024-09-24,2481.9371428571417
2024-09-25,2451.764285714286
2024-09-26,2450.784285714285
2024-09-27,2445.1628571428573
2024-09-28,2397.731428571429
2024-09-29,2331.3599999999997
2024-09-30,2309.3900000000003
2024-10-01,2333.888571428572
2024-10-02,2368.1385714285734
2024-10-03,2370.104285714288
2024-10-04,2347.5814285714287
2024-10-05,2382.4842857142876
2024-10-06,2429.258571428573
2024-10-07,2432.098571428572
2024-10-08,2417.204285714287
2024-10-09,2402.338571428573
2024-10-10,2416.739999999999
2024-10-11,2426.3785714285714
2024-10-12,2448.8199999999997
2024-10-13,2369.018571428572
2024-10-14,2406.9685714285706
2024-10-15,2391.928571428573
2024-10-16,2336.4157142857134
2024-10-17,2341.7728571428584
2024-10-18,2372.812857142858
2024-10-19,2354.6085714285728
2024-10-20,2439.6700000000005
2024-10-21,2466.9314285714295
2024-10-22,2516.882857142857
2024-10-23,2599.5300000000007
2024-10-24,2613.2714285714296
2024-10-25,2594.76
2024-10-26,2573.1957142857145
2024-10-27,2557.8314285714287
2024-10-28,2516.0457142857135
2024-10-29,2545.724285714286
2024-10-30,2518.6499999999996
2024-10-31,2517.720000000001
2024-11-01,2540.747142857143
2024-11-02,2589.325714285715
2024-11-03,2644.7228571428577
2024-11-04,2663.7357142857154
2024-11-05,2636.1500000000015
2024-11-06,2639.245714285716
2024-11-07,2624.0271428571436
2024-11-08,2615.272857142856
2024-11-09,2630.178571428573
2024-11-10,2601.7485714285713
2024-11-11,2617.7957142857144
2024-11-12,2601.48
2024-11-13,2634.041428571427
2024-11-14,2648.952857142857
2024-11-15,2697.65
2024-11-16,2719.937142857142
2024-11-17,2718.0499999999984
2024-11-18,2746.824285714286
2024-11-19,2781.8128571428565
2024-11-20,2811.8071428571434
2024-11-21,2894.5457142857144
2024-11-22,2860.238571428571
2024-11-23,2883.4842857142853
2024-11-24,2934.2114285714283
2024-11-25,2978.52
2024-11-26,3022.8671428571433
2024-11-27,3023.9342857142865
2024-11-28,3012.7457142857143
2024-11-29,3060.5871428571427
2024-11-30,3106.232857142857
2024-12-01,3135.504285714286
2024-12-02,3187.5657142857144
2024-12-03,3207.7214285714285
2024-12-04,3234.987142857143
2024-12-05,3236.02
2024-12-06,3241.365714285716
2024-12-07,3211.5757142857137
2024-12-08,3244.3342857142866
2024-12-09,3242.255714285715
2024-12-10,3237.695714285713
2024-12-11,3300.3328571428556
2024-12-12,3350.9414285714283
2024-12-13,3421.485714285714
2024-12-14,3518.968571428571
2024-12-15,3561.6742857142863
2024-12-16,3574.4442857142853
2024-12-17,3618.8599999999997
2024-12-18,3583.3957142857134
2024-12-19,3608.35
2024-12-20,3630.872857142857
2024-12-21,3605.5342857142864
2024-12-22,3614.0285714285715
2024-12-23,3652.107142857143
2024-12-24,3697.207142857143
2024-12-25,3760.3457142857146
2024-12-26,3810.4542857142847
2024-12-27,3855.6500000000005
2024-12-28,3884.748571428572
2024-12-29,3945.9128571428564
2024-12-30,3970.354285714287
2024-12-31,4003.854285714286
2025-01-01,4061.3042857142864
2025-01-02,4091.091428571429
2025-01-03,4130.501428571428
2025-01-04,4188.51857142857
2025-01-05,4176.987142857142
2025-01-06,4218.707142857142
2025-01-07,4225.67857142857
2025-01-08,4244.728571428572
2025-01-09,4270.925714285713
2025-01-10,4277.945714285714
2025-01-11,4300.930000000001
2025-01-12,4305.5985714285725
2025-01-13,4317.932857142857
2025-01-14,4376.231428571429
2025-01-15,4409.082857142857
2025-01-16,4419.467142857142
2025-01-17,4482.675714285714
2025-01-18,4498.421428571428
2025-01-19,4590.987142857141
2025-01-20,4643.272857142857
2025-01-21,4658.705714285714
2025-01-22,4724.4800000000005
2025-01-23,4751.961428571427
2025-01-24,4775.442857142856
2025-01-25,4846.212857142858
2025-01-26,4841.688571428572
2025-01-27,4892.837142857143
2025-01-28,4931.625714285713
2025-01-29,4929.895714285716
2025-01-30,4990.995714285715
2025-01-31,4998.174285714287
2025-02-01,5023.6614285714295
2025-02-02,5084.38142857143
2025-02-03,5046.204285714286
2025-02-04,5108.418571428573
2025-02-05,5095.280000000001
2025-02-06,5140.26
2025-02-07,5195.464285714285
2025-02-08,5182.637142857141
2025-02-09,5184.491428571428
2025-02-10,5225.654285714284
2025-02-11,5220.204285714285
2025-02-12,5276.045714285714
2025-02-13,5297.147142857143
2025-02-14,5327.29857142857
2025-02-15,5406.489999999999
2025-02-16,5428.834285714285
2025-02-17,5473.305714285715
2025-02-18,5466.765714285713
2025-02-19,5480.685714285714
2025-02-20,5508.894285714286
2025-02-21,5539.322857142858
2025-02-22,5506.491428571429
2025-02-23,5529.0
2025-02-24,5555.701428571428
2025-02-25,5620.182857142856
2025-02-26,5642.119999999999
2025-02-27,5652.155714285714
2025-02-28,5628.6057142857135
2025-03-01,5675.564285714285
2025-03-02,5720.372857142857
2025-03-03,5741.065714285715
2025-03-04,5745.278571428572
2025-03-05,5779.417142857142
2025-03-06,5787.141428571428
2025-03-07,5807.634285714285
2025-03-08,5820.221428571429
2025-03-09,5860.147142857143
2025-03-10,5888.95
2025-03-11,5908.431428571428
2025-03-12,5941.714285714286
2025-03-13,5951.987142857144
2025-03-14,6000.114285714285
2025-03-15,6028.164285714286
2025-03-16,6005.711428571428
2025-03-17,6016.9057142857155
2025-03-18,6002.708571428571
2025-03-19,5976.2699999999995
2025-03-20,5969.9857142857145
2025-03-21,5959.558571428572
2025-03-22,5999.911428571428
2025-03-23,6060.66857142857
2025-03-24,6074.884285714286
2025-03-25,6128.904285714286
2025-03-26,6123.570000000001
2025-03-27,6146.125714285715
2025-03-28,6134.264285714286
2025-03-29,6091.398571428574
2025-03-30,6047.0242857142875
2025-03-31,6029.755714285715
2025-04-01,5982.605714285714
2025-04-02,6042.695714285715
2025-04-03,6036.27857142857
2025-04-04,6062.7
2025-04-05,6124.332857142857
2025-04-06,6111.588571428571
2025-04-07,6070.307142857143
2025-04-08,6108.882857142857
2025-04-09,6118.2071428571435
2025-04-10,6184.385714285713
2025-04-11,6153.607142857143
2025-04-12,6119.968571428572
2025-04-13,6129.329999999999
2025-04-14,6180.378571428571
2025-04-15,6241.740000000001
2025-04-16,6183.980000000002
2025-04-17,6144.961428571431
2025-04-18,6178.310000000002
2025-04-19,6187.385714285715
2025-04-20,6195.381428571429
2025-04-21,6199.654285714285
2025-04-22,6129.475714285714
2025-04-23,6161.805714285713
2025-04-24,6142.852857142855
2025-04-25,6139.471428571428
2025-04-26,6101.091428571431
2025-04-27,6099.367142857142
2025-04-28,6083.924285714285
2025-04-29,6107.724285714286
2025-04-30,6091.63
2025-05-01,6051.262857142857
2025-05-02,6054.76
2025-05-03,6032.551428571428
2025-05-04,5999.25
2025-05-05,5975.414285714288
2025-05-06,5968.554285714286
2025-05-07,5911.228571428572
2025-05-08,6003.321428571429
2025-05-09,5985.298571428571
2025-05-10,5995.412857142857
2025-05-11,5993.705714285714
2025-05-12,5997.588571428571
2025-05-13,5963.849999999999
2025-05-14,6007.538571428572
2025-05-15,5935.859999999999
2025-05-16,5898.365714285715
2025-05-17,5872.135714285716
2025-05-18,5852.424285714285
2025-05-19,5824.060000000001
2025-05-20,5818.702857142857
2025-05-21,5798.69857142857
2025-05-22,5704.482857142857
2025-05-23,5696.9171428571435
2025-05-24,5685.222857142858
2025-05-25,5667.581428571429
2025-05-26,5642.571428571428
2025-05-27,5621.128571428571
2025-05-28,5607.11
2025-05-29,5631.591428571428
2025-05-30,5603.94
2025-05-31,5556.279999999999
2025-06-01,5504.111428571428
2025-06-02,5475.6671428571435
2025-06-03,5446.392857142858
2025-06-04,5422.528571428572
2025-06-05,5425.79
2025-06-06,5408.005714285714
2025-06-07,5414.9914285714285
2025-06-08,5405.624285714286
2025-06-09,5402.842857142858
2025-06-10,5375.775714285716
2025-06-11,5345.51142857143
2025-06-12,5333.731428571428
2025-06-13,5306.861428571428
2025-06-14,5276.581428571429
2025-06-15,5286.274285714286
2025-06-16,5249.242857142857
2025-06-17,5185.768571428571
2025-06-18,5138.478571428571
2025-06-19,5069.208571428573
2025-06-20,5011.538571428572
2025-06-21,4972.705714285714
2025-06-22,4904.415714285714
2025-06-23,4869.841428571429
2025-06-24,4819.461428571429
2025-06-25,4798.6785714285725
2025-06-26,4785.68
2025-06-27,4753.524285714286
2025-06-28,4741.51142857143
2025-06-29,4749.234285714287
2025-06-30,4691.9342857142865
2025-07-01,4686.622857142859
2025-07-02,4635.941428571429
2025-07-03,4586.070000000001
2025-07-04,4591.58142857143
2025-07-05,4543.469999999999
2025-07-06,4487.8314285714305
2025-07-07,4449.42142857143
2025-07-08,4449.43285714286
2025-07-09,4409.388571428572
2025-07-10,4400.8314285714305
2025-07-11,4359.015714285715
2025-07-12,4362.348571428573
2025-07-13,4310.0085714285715
2025-07-14,4258.305714285715
2025-07-15,4218.724285714286
2025-07-16,4254.000000000002
2025-07-17,4249.454285714286
2025-07-18,4218.254285714286
2025-07-19,4148.882857142858
2025-07-20,4164.624285714285
2025-07-21,4178.955714285716
2025-07-22,4155.811428571428
2025-07-23,4098.7528571428575
2025-07-24,4065.7314285714288
2025-07-25,4091.3057142857156
2025-07-26,4081.3157142857144
2025-07-27,4024.32142857143
2025-07-28,4015.992857142858
2025-07-29,3939.3928571428573
2025-07-30,3885.361428571429
2025-07-31,3825.734285714287
2025-08-01,3727.4171428571426
2025-08-02,3694.5142857142864
2025-08-03,3660.2414285714303
2025-08-04,3657.467142857145
2025-08-05,3668.255714285715
2025-08-06,3656.0442857142857
2025-08-07,3631.127142857144
2025-08-08,3619.2657142857156
2025-08-09,3607.5157142857142
2025-08-10,3580.6528571428576
2025-08-11,3516.891428571429
2025-08-12,3485.0171428571434
2025-08-13,3431.300000000001
2025-08-14,3395.9842857142858
2025-08-15,3357.9671428571437
2025-08-16,3334.844285714286
2025-08-17,3335.1857142857143
2025-08-18,3329.891428571429
2025-08-19,3331.4171428571426
2025-08-20,3334.4328571428573
2025-08-21,3337.818571428572
2025-08-22,3323.624285714287
2025-08-23,3288.7428571428577
2025-08-24,3249.1628571428573
2025-08-25,3171.6571428571438
2025-08-26,3129.825714285715
2025-08-27,3142.9199999999996
2025-08-28,3134.452857142858
2025-08-29,3137.798571428572
2025-08-30,3139.4500000000003
2025-08-31,3135.0928571428576
2025-09-01,3173.2514285714274
2025-09-02,3144.982857142857
2025-09-03,3090.2371428571428
2025-09-04,3066.5285714285733
2025-09-05,3055.018571428571
2025-09-06,3009.3628571428576
2025-09-07,2982.082857142858
2025-09-08,2962.5828571428588
2025-09-09,2973.874285714286
2025-09-10,2935.338571428573
2025-09-11,2859.0357142857156
2025-09-12,2808.0071428571437
2025-09-13,2771.875714285716
2025-09-14,2758.1500000000005
2025-09-15,2742.970000000001
2025-09-16,2708.857142857143
2025-09-17,2759.894285714286
2025-09-18,2805.565714285715
2025-09-19,2813.762857142857
2025-09-20,2843.714285714287
2025-09-21,2821.162857142858
2025-09-22,2838.0642857142866
2025-09-23,2838.13
2025-09-24,2813.8600000000006
2025-09-25,2776.8900000000012
2025-09-26,2730.67142857143
2025-09-27,2728.8971428571435
2025-09-28,2755.9185714285713
2025-09-29,2709.3971428571435
2025-09-30,2687.982857142857
2025-10-01,2693.854285714287
2025-10-02,2687.984285714286
2025-10-03,2753.6571428571433
2025-10-04,2714.5385714285717
2025-10-05,2718.388571428572
2025-10-06,2729.442857142858
2025-10-07,2760.3014285714294
2025-10-08,2724.355714285714
2025-10-09,2746.717142857143
2025-10-10,2713.287142857144
2025-10-11,2712.5371428571434
2025-10-12,2716.691428571429
2025-10-13,2715.225714285715
2025-10-14,2700.4242857142863
2025-10-15,2694.3285714285716
2025-10-16,2646.991428571429
2025-10-17,2646.6342857142868
2025-10-18,2724.9485714285724
2025-10-19,2731.552857142858
2025-10-20,2748.33
2025-10-21,2754.3114285714296
2025-10-22,2783.338571428573
2025-10-23,2857.7285714285717
2025-10-24,2844.7957142857153
2025-10-25,2825.768571428571
2025-10-26,2833.5928571428585
2025-10-27,2859.2142857142867
2025-10-28,2884.5700000000015
2025-10-29,2895.3428571428585
2025-10-30,2909.374285714287
2025-10-31,2959.194285714286
2025-11-01,2940.06142857143
2025-11-02,2925.2657142857142
2025-11-03,2925.374285714287
2025-11-04,2962.974285714287
2025-11-05,2950.2857142857147
2025-11-06,2919.1828571428578
2025-11-07,2925.27
2025-11-08,2949.6557142857146
2025-11-09,2981.8357142857144
2025-11-10,3001.5157142857156
2025-11-11,2980.6314285714293
2025-11-12,3056.6528571428576
2025-11-13,3071.7857142857147
2025-11-14,3068.934285714287
2025-11-15,3084.5
2025-11-16,3064.8757142857144
2025-11-17,3075.6057142857153
2025-11-18,3136.138571428572
2025-11-19,3125.222857142858
2025-11-20,3185.4414285714297
2025-11-21,3197.5642857142857
2025-11-22,3208.3400000000006
2025-11-23,3257.6728571428566
2025-11-24,3277.1800000000003
2025-11-25,3291.965714285714
2025-11-26,3326.7642857142846
2025-11-27,3321.6657142857134
2025-11-28,3377.9714285714285
2025-11-29,3426.227142857143
2025-11-30,3483.4142857142856
2025-12-01,3549.1457142857153
2025-12-02,3525.3142857142866
2025-12-03,3521.6957142857136
2025-12-04,3544.588571428572
2025-12-05,3560.624285714286
2025-12-06,3586.5742857142855
2025-12-07,3610.227142857144
2025-12-08,3601.9428571428575
2025-12-09,3644.33
2025-12-10,3692.718571428572
2025-12-11,3729.7928571428565
2025-12-12,3807.86
2025-12-13,3791.9399999999996
2025-12-14,3803.502857142857
2025-12-15,3877.484285714287
2025-12-16,3913.697142857143
2025-12-17,3935.7985714285724
2025-12-18,3975.6657142857143
2025-12-19,3956.8500000000013
2025-12-20,4050.731428571429
2025-12-21,4029.567142857144
2025-12-22,4049.4257142857155
2025-12-23,4049.2900000000013
2025-12-24,4078.325714285715
2025-12-25,4107.608571428574
2025-12-26,4155.042857142858
2025-12-27,4122.4628571428575
2025-12-28,4210.964285714286
2025-12-29,4253.888571428571
2025-12-30,4287.698571428572
2025-12-31,4330.077142857142
2026-01-01,4357.772857142858
2026-01-02,4387.044285714286
2026-01-03,4454.521428571429
2026-01-04,4463.748571428572
2026-01-05,4462.651428571429
2026-01-06,4562.387142857144
2026-01-07,4586.1157142857155
2026-01-08,4647.624285714286
2026-01-09,4642.691428571429
2026-01-10,4653.690000000001
2026-01-11,4709.450000000002
2026-01-12,4762.667142857144
2026-01-13,4763.462857142858
2026-01-14,4792.645714285713
2026-01-15,4808.958571428571
2026-01-16,4841.571428571428
2026-01-17,4906.647142857144
2026-01-18,4946.982857142858
2026-01-19,4936.96
2026-01-20,4950.640000000001
2026-01-21,4994.315714285715
2026-01-22,5016.130000000001
2026-01-23,5072.544285714285
2026-01-24,5135.4914285714285
2026-01-25,5142.06
2026-01-26,5174.69
2026-01-27,5201.351428571429
2026-01-28,5241.9
2026-01-29,5277.501428571429
2026-01-30,5294.947142857144
2026-01-31,5308.020000000001
2026-02-01,5373.287142857143
2026-02-02,5397.445714285714
2026-02-03,5400.454285714285
2026-02-04,5435.0028571428575
2026-02-05,5452.888571428572
2026-02-06,5512.178571428571
2026-02-07,5469.831428571429
2026-02-08,5486.464285714285
2026-02-09,5501.037142857142
2026-02-10,5584.079999999999
2026-02-11,5589.902857142858
2026-02-12,5610.950000000001
2026-02-13,5611.805714285715
2026-02-14,5694.9457142857145
2026-02-15,5703.992857142857
2026-02-16,5768.057142857143
2026-02-17,5820.01142857143
2026-02-18,5811.114285714285
2026-02-19,5890.798571428571
2026-02-20,5925.998571428572
2026-02-21,5915.91857142857
2026-02-22,5908.668571428572
2026-02-23,5915.25
2026-02-24,5915.431428571428
2026-02-25,5968.62
2026-02-26,5988.362857142858
2026-02-27,5976.652857142856
2026-02-28,6016.877142857143
2026-03-01,6039.365714285715
2026-03-02,6071.6171428571415
2026-03-03,6090.862857142857
2026-03-04,6104.147142857142
2026-03-05,6035.099999999999
2026-03-06,6089.165714285716
2026-03-07,6117.051428571429
2026-03-08,6170.374285714287
2026-03-09,6206.438571428571
2026-03-10,6181.402857142858
2026-03-11,6221.45857142857
2026-03-12,6318.815714285714
2026-03-13,6291.971428571428
2026-03-14,6304.521428571426
2026-03-15,6299.638571428572
2026-03-16,6285.514285714288
2026-03-17,6329.535714285714
2026-03-18,6317.651428571429
2026-03-19,6290.26
2026-03-20,6341.251428571429
2026-03-21,6322.7528571428575
2026-03-22,6321.437142857142
2026-03-23,6348.385714285715
2026-03-24,6326.455714285716
2026-03-25,6360.801428571429
2026-03-26,6394.308571428573
2026-03-27,6365.195714285715
2026-03-28,6382.057142857143
2026-03-29,6438.477142857142
2026-03-30,6409.937142857143
2026-03-31,6431.1228571428555
2026-04-01,6432.7414285714285
2026-04-02,6445.085714285713
2026-04-03,6481.618571428573
2026-04-04,6487.74857142857
2026-04-05,6496.522857142857
2026-04-06,6558.164285714288
2026-04-07,6591.914285714285
2026-04-08,6586.132857142858
2026-04-09,6553.784285714286
2026-04-10,6542.6057142857135
2026-04-11,6567.299999999999
2026-04-12,6545.948571428573
2026-04-13,6538.351428571429
2026-04-14,6530.412857142857
2026-04-15,6494.942857142859
2026-04-16,6532.841428571427
2026-04-17,6526.7585714285715
2026-04-18,6504.314285714285
2026-04-19,6497.162857142857
2026-04-20,6505.818571428571
2026-04-21,6553.9228571428575
2026-04-22,6594.011428571428
2026-04-23,6561.902857142858
2026-04-24,6588.581428571429
2026-04-25,6609.151428571428
2026-04-26,6589.725714285713
2026-04-27,6577.7242857142855
2026-04-28,6507.797142857144
2026-04-29,6496.74
2026-04-30,6505.708571428572
2026-05-01,6493.56142857143
2026-05-02,6482.2928571428565
2026-05-03,6465.217142857144
2026-05-04,6403.572857142856
2026-05-05,6363.369999999999
2026-05-06,6349.938571428572
2026-05-07,6339.697142857142
2026-05-08,6327.334285714285
2026-05-09,6331.628571428571
2026-05-10,6330.657142857142
2026-05-11,6342.4114285714295
2026-05-12,6327.5928571428585
2026-05-13,6294.427142857143
2026-05-14,6276.73857142857
2026-05-15,6268.778571428572
2026-05-16,6209.812857142856
2026-05-17,6191.181428571428
2026-05-18,6126.6785714285725
2026-05-19,6124.352857142857
2026-05-20,6133.2414285714285
2026-05-21,6111.765714285714
2026-05-22,6084.9971428571425
2026-05-23,6072.6614285714295
2026-05-24,6054.251428571428
2026-05-25,6052.1457142857125
2026-05-26,6053.908571428572
2026-05-27,6022.614285714286
2026-05-28,5999.228571428572
2026-05-29,5955.262857142856
2026-05-30,5885.734285714286
2026-05-31,5886.427142857142
2026-06-01,5867.31
2026-06-02,5810.507142857143
2026-06-03,5792.679999999999
2026-06-04,5749.751428571428
2026-06-05,5759.440000000001
2026-06-06,5794.204285714286
2026-06-07,5760.4457142857145
2026-06-08,5716.251428571429
2026-06-09,5735.244285714284
2026-06-10,5700.244285714285
2026-06-11,5674.72714285714
2026-06-12,5628.825714285713
2026-06-13,5551.031428571427
2026-06-14,5518.389999999999
2026-06-15,5498.61857142857
2026-06-16,5416.454285714285
2026-06-17,5350.808571428572
2026-06-18,5354.932857142856
2026-06-19,5310.544285714284
2026-06-20,5353.449999999999
2026-06-21,5305.005714285713
2026-06-22,5262.098571428572
2026-06-23,5238.615714285715
2026-06-24,5269.0199999999995
2026-06-25,5212.988571428569
2026-06-26,5185.738571428569
2026-06-27,5127.185714285713
2026-06-28,5120.184285714285
2026-06-29,5151.3671428571415
2026-06-30,5176.881428571427
2026-07-01,5113.145714285714
2026-07-02,5058.441428571429
2026-07-03,5031.624285714285
2026-07-04,5003.999999999998
2026-07-05,4942.764285714286
2026-07-06,4868.43
2026-07-07,4814.838571428572
2026-07-08,4791.557142857142
2026-07-09,4790.705714285715
2026-07-10,4753.33
2026-07-11,4712.831428571429
2026-07-12,4683.7
2026-07-13,4693.322857142857
2026-07-14,4678.201428571428
2026-07-15,4609.777142857144
2026-07-16,4559.294285714286
2026-07-17,4513.67
2026-07-18,4474.928571428572
2026-07-19,4463.267142857144
2026-07-20,
2026-07-21,
2026-07-22,
