data,0
2020-01-01,2454.15
2020-01-02,-85.45074558630631
2020-01-03,28.82656916018459
2020-01-04,99.27226907967452
2020-01-05,-152.2989599447642
2020-01-06,55.107680871651155
2020-01-07,403.7725897978353
2020-01-08,166.4612880117279
2020-01-09,-71.39046169971198
2020-01-10,46.359909316610356
2020-01-11,-188.74883389566594
2020-01-12,-63.34748452300482
2020-01-13,148.76300521812846
2020-01-14,-133.89721364441402
2020-01-15,14.999808600725373
2020-01-16,113.60936834132235
2020-01-17,-80.59960669467364
2020-01-18,121.27609315172595
2020-01-19,-81.33513029350479
2020-01-20,5.579358046381913
2020-01-21,530.1199059237069
2020-01-22,132.14124438406952
2020-01-23,174.72793050631753
2020-01-24,-182.0057729899636
2020-01-25,-15.841467271356578
2020-01-26,79.68229646321879
2020-01-27,-35.10811339197517
2020-01-28,317.70190943920215
2020-01-29,96.77148985296662
2020-01-30,112.66545162932243
2020-01-31,-52.44660936296259
2020-02-01,287.9518760436372
2020-02-02,-65.53831839446048
2020-02-03,-53.99671049374865
2020-02-04,318.6037238072072
2020-02-05,-68.68000961005055
2020-02-06,156.9685689652115
2020-02-07,-337.9582774081664
2020-02-08,-186.6673553281421
2020-02-09,44.50759316283029
2020-02-10,169.89703890652436
2020-02-11,135.10398734299633
2020-02-12,107.99050858166811
2020-02-13,3.198992491129502
2020-02-14,-263.27101723595706
2020-02-15,-148.29116728968302
2020-02-16,-101.12378486428179
2020-02-17,215.79113861501673
2020-02-18,118.85995972201954
2020-02-19,-168.9150506701517
2020-02-20,144.22995771089154
2020-02-21,-146.74432603892046
2020-02-22,-190.05665293324
2020-02-23,43.79440405876176
2020-02-24,148.2393102278802
2020-02-25,189.46240950982428
2020-02-26,-81.31369731652512
2020-02-27,-14.644988635877326
2020-02-28,-42.87436086701791
2020-02-29,-9.706496208220415
2020-03-01,-218.5131737400161
2020-03-02,-28.578182246216784
2020-03-03,-115.38020215409097
2020-03-04,-82.79829513587902
2020-03-05,147.91594870528024
2020-03-06,65.53742816624344
2020-03-07,-207.77789581165962
2020-03-08,42.12237306832776
2020-03-09,-19.809224383350738
2020-03-10,-66.02823538024222
2020-03-11,115.58137283486394
2020-03-12,178.42879619855285
2020-03-13,-195.38931100525497
2020-03-14,62.65423211493817
2020-03-15,-608.2297805650169
2020-03-16,178.96108838157033
2020-03-17,-16.508082714545708
2020-03-18,-7.025118896533058
2020-03-19,-24.559087110170367
2020-03-20,-433.0053252181333
2020-03-21,-126.29614002992912
2020-03-22,-64.44804996172206
2020-03-23,189.54729638929075
2020-03-24,-76.32356109280954
2020-03-25,-38.4104593194852
2020-03-26,-60.7144832140948
2020-03-27,56.68535951220747
2020-03-28,-122.87996483677944
2020-03-29,-183.186011387671
2020-03-30,93.5187103939079
2020-03-31,64.2924706956037
2020-04-01,221.1472298638555
2020-04-02,-143.82499398216623
2020-04-03,-109.17938647701885
2020-04-04,-187.2310510807847
2020-04-05,-294.403792288982
2020-04-06,105.3937849498252
2020-04-07,109.98309051691012
2020-04-08,87.3743157336603
2020-04-09,-14.93457121812844
2020-04-10,-276.2085255132406
2020-04-11,-120.12812927405685
2020-04-12,-108.06069652453152
2020-04-13,-74.34487875825653
2020-04-14,116.16369953525918
2020-04-15,181.20065199823148
2020-04-16,312.91139801395093
2020-04-17,-98.82080370987296
2020-04-18,-66.21841924162345
2020-04-19,-101.08097849319438
2020-04-20,-273.400765456865
2020-04-21,154.26436740656845
2020-04-22,90.93568459250946
2020-04-23,389.77824383546067
2020-04-24,-208.81990488147858
2020-04-25,-71.3237500282703
2020-04-26,-133.6558880913717
2020-04-27,-192.39176242109806
2020-04-28,263.71994777303644
2020-04-29,113.38169248173017
2020-04-30,66.20461980812979
2020-05-01,-298.4776117813417
2020-05-02,66.43559981474664
2020-05-03,-419.8728075927056
2020-05-04,93.25124014968242
2020-05-05,307.8696191048666
2020-05-06,-215.90572372245697
2020-05-07,-108.8332246978016
2020-05-08,-135.1927877880198
2020-05-09,-284.4914074481867
2020-05-10,-373.5136855764622
2020-05-11,3.834500179389579
2020-05-12,-148.24836087827862
2020-05-13,147.66548974389934
2020-05-14,-197.04314938924472
2020-05-15,154.7044152981398
2020-05-16,-345.01391542875854
2020-05-17,-123.44603171119024
2020-05-18,102.34713361474633
2020-05-19,-155.83440582339063
2020-05-20,148.1860210758732
2020-05-21,178.14814897946007
2020-05-22,-383.29154687196024
2020-05-23,-36.9506946272013
2020-05-24,-71.33265756903984
2020-05-25,119.35798173513876
2020-05-26,-138.20270711987405
2020-05-27,-59.962652566156066
2020-05-28,137.58187173229635
2020-05-29,-44.01303975755491
2020-05-30,-78.78149998891058
2020-05-31,-25.410477731089486
2020-06-01,-96.29961497992645
2020-06-02,159.1577237967681
2020-06-03,126.598297900523
2020-06-04,-89.94734499604692
2020-06-05,237.83053552920774
2020-06-06,-120.55837775026794
2020-06-07,-271.8294797751141
2020-06-08,145.25218530563325
2020-06-09,-103.33882936830514
2020-06-10,240.2815539941421
2020-06-11,138.341747924218
2020-06-12,-255.3008012627647
2020-06-13,35.1353954635224
2020-06-14,-90.06774018861779
2020-06-15,90.43024208567067
2020-06-16,296.8093552419259
2020-06-17,-71.89954294418476
2020-06-18,-143.1335303096862
2020-06-19,-254.4155028410064
2020-06-20,-274.66749846309585
2020-06-21,-123.53719554095414
2020-06-22,9.861725676664264
2020-06-23,64.26130968787538
2020-06-24,153.64007355182275
2020-06-25,-66.32726088790378
2020-06-26,91.47961014271868
2020-06-27,-275.9638089931768
2020-06-28,286.3663141741572
2020-06-29,-75.10474075460888
2020-06-30,-126.45224008800233
2020-07-01,-126.0602100071801
2020-07-02,51.405300940561574
2020-07-03,-205.39942218931446
2020-07-04,-61.435640274411526
2020-07-05,-105.04472369520363
2020-07-06,-72.20082087307674
2020-07-07,-99.63462754715056
2020-07-08,-157.96577942383192
2020-07-09,-40.495390317643796
2020-07-10,37.88028567827632
2020-07-11,-140.20005889972253
2020-07-12,-282.09220019734084
2020-07-13,76.95834313589785
2020-07-14,135.60834308307403
2020-07-15,-46.52465345487781
2020-07-16,92.69288250679756
2020-07-17,-55.97729119901305
2020-07-18,-258.9125920302322
2020-07-19,53.62026677112863
2020-07-20,121.11699133431057
2020-07-21,278.6877443801159
2020-07-22,252.5819706791981
2020-07-23,-187.1824852695063
2020-07-24,-121.66087817787911
2020-07-25,27.73917420480666
2020-07-26,23.48466104391173
2020-07-27,119.20668813972907
2020-07-28,689.409082292198
2020-07-29,54.327135389218256
2020-07-30,194.75062059295624
2020-07-31,8.540595866055355
2020-08-01,-70.95841236757565
2020-08-02,-186.03645595303283
2020-08-03,100.15681157844051
2020-08-04,-112.2716309734003
2020-08-05,39.05546333354778
2020-08-06,-107.99692024166916
2020-08-07,-91.35161426398236
2020-08-08,171.92267157730498
2020-08-09,-498.23369114955335
2020-08-10,142.79201578040306
2020-08-11,-248.07149432318124
2020-08-12,44.06070533397565
2020-08-13,150.7416961653298
2020-08-14,-135.44492912890064
2020-08-15,-305.18074340937255
2020-08-16,-167.43229958035658
2020-08-17,124.45958337293791
2020-08-18,-51.6149473626956
2020-08-19,159.7540509550479
2020-08-20,22.55132863357153
2020-08-21,-153.20877888112227
2020-08-22,253.65103470131749
2020-08-23,-43.01467454775252
2020-08-24,-278.06407691405457
2020-08-25,220.09164399469387
2020-08-26,8.824598151164537
2020-08-27,221.34456879301933
2020-08-28,-182.9823061248003
2020-08-29,-43.828382998453435
2020-08-30,51.71309929227709
2020-08-31,187.39409597786653
2020-09-01,-64.72850482695526
2020-09-02,152.86187096433287
2020-09-03,14.839295924477028
2020-09-04,-80.29351080967581
2020-09-05,244.5069703463696
2020-09-06,-11.020703563894358
2020-09-07,-112.20492758000921
2020-09-08,342.6142404736038
2020-09-09,433.1120450178919
2020-09-10,158.93427589080875
2020-09-11,-288.92949778574143
2020-09-12,-89.81838809067892
2020-09-13,158.718151431548
2020-09-14,-102.65902114915446
2020-09-15,222.18357010690443
2020-09-16,214.03100254923334
2020-09-17,-121.6220817445419
2020-09-18,-22.186188525183866
2020-09-19,-236.0096197000671
2020-09-20,-166.05538298798592
2020-09-21,38.953276520460804
2020-09-22,-54.5790016542436
2020-09-23,427.74510379638184
2020-09-24,-219.76101552879322
2020-09-25,-25.069473228957804
2020-09-26,-40.66524463396638
2020-09-27,193.33185887683396
2020-09-28,-178.06341723934293
2020-09-29,376.8737122521179
2020-09-30,88.78954764960235
2020-10-01,-64.70726582525322
2020-10-02,79.76225968783297
2020-10-03,-52.04737789710816
2020-10-04,-107.57274039442723
2020-10-05,101.07850716632151
2020-10-06,78.8323235387553
2020-10-07,184.1026258262392
2020-10-08,167.25769645606545
2020-10-09,198.78846676005992
2020-10-10,-183.05089954098514
2020-10-11,308.72963298845093
2020-10-12,-219.90369297805228
2020-10-13,155.3788202313607
2020-10-14,196.64074717078427
2020-10-15,69.62734327151156
2020-10-16,-157.44665777982266
2020-10-17,-99.24096452188166
2020-10-18,-128.87405031051162
2020-10-19,-26.559301391380018
2020-10-20,263.3777339932319
2020-10-21,144.26093803744334
2020-10-22,-65.82078697926704
2020-10-23,120.7954987552107
2020-10-24,-81.16780005366536
2020-10-25,70.18767735915378
2020-10-26,99.2661391485367
2020-10-27,-32.15807437386593
2020-10-28,58.553961496406146
2020-10-29,172.81678428312944
2020-10-30,12.016895428924045
2020-10-31,-111.99173659035353
2020-11-01,-36.35048858860432
2020-11-02,224.3831662274781
2020-11-03,-29.740694850319414
2020-11-04,222.8802688068256
2020-11-05,-22.836073660378815
2020-11-06,-73.31493745167177
2020-11-07,72.04386973187138
2020-11-08,25.565312105756675
2020-11-09,124.6045593453739
2020-11-10,267.93820320240707
2020-11-11,48.80904398684902
2020-11-12,125.05710290000889
2020-11-13,-157.16484977380242
2020-11-14,-57.65901929662073
2020-11-15,-122.38455181305244
2020-11-16,32.25653809884784
2020-11-17,166.65265773032547
2020-11-18,-54.97939719140277
2020-11-19,364.7644522131973
2020-11-20,-311.77518624672666
2020-11-21,-248.85595281278688
2020-11-22,137.34500139734337
2020-11-23,95.43257541106823
2020-11-24,171.13650120639113
2020-11-25,171.76368274764945
2020-11-26,1.2460452790237468
2020-11-27,-199.80528885420858
2020-11-28,-61.697516198019684
2020-11-29,-170.74442230516092
2020-11-30,212.36972867591362
2020-12-01,51.72912690668477
2020-12-02,10.464587811262845
2020-12-03,32.61923496510849
2020-12-04,40.014334030906184
2020-12-05,-171.31393277233065
2020-12-06,-123.32940479591343
2020-12-07,136.26155837790816
2020-12-08,180.12690444306895
2020-12-09,76.54854236827623
2020-12-10,41.22429844295925
2020-12-11,52.06196573657371
2020-12-12,-263.1273002043397
2020-12-13,-145.02725731482383
2020-12-14,48.734830009491816
2020-12-15,187.58293470878584
2020-12-16,259.557455802556
2020-12-17,345.42716964027704
2020-12-18,112.58235462651146
2020-12-19,-63.04253561084079
2020-12-20,22.274206611375575
2020-12-21,-47.90869591089131
2020-12-22,213.8280939614947
2020-12-23,130.39681683917206
2020-12-24,166.5107563562351
2020-12-25,-131.42164035658925
2020-12-26,74.86565181437982
2020-12-27,199.95758391675872
2020-12-28,8.525025571286278
2020-12-29,212.08143953610033
2020-12-30,219.13381807892074
2020-12-31,-33.35680306054928
2021-01-01,-20.68434366839074
2021-01-02,-127.4227031438304
2021-01-03,-66.54486875846214
2021-01-04,-117.62236694130888
2021-01-05,112.01521703094568
2021-01-06,147.1077840432331
2021-01-07,205.45926901137045
2021-01-08,-6.651328378768994
2021-01-09,145.19521026697203
2021-01-10,-321.35152377001805
2021-01-11,130.49326665823492
2021-01-12,10.31465469836212
2021-01-13,356.45655935853983
2021-01-14,-266.26123865776935
2021-01-15,-233.9371312530534
2021-01-16,-266.40871564415556
2021-01-17,-443.63770815886437
2021-01-18,-47.85470536441426
2021-01-19,-56.159170056667335
2021-01-20,111.8540021161657
2021-01-21,43.0991951736014
2021-01-22,182.97084221153864
2021-01-23,-55.90166975893362
2021-01-24,-207.94418706624174
2021-01-25,-112.13761847898832
2021-01-26,183.64491338387052
2021-01-27,-130.29491277207035
2021-01-28,355.8547005359269
2021-01-29,34.43235523762951
2021-01-30,-210.7495361641072
2021-01-31,-309.9680475359992
2021-02-01,292.74904790117444
2021-02-02,27.70114312344549
2021-02-03,313.59405463976145
2021-02-04,-257.9611748646712
2021-02-05,-73.04007168065664
2021-02-06,-82.87157624781503
2021-02-07,-35.83277453771916
2021-02-08,-24.54517362296565
2021-02-09,239.83718926693018
2021-02-10,-61.956260564513286
2021-02-11,85.14056293118301
2021-02-12,-19.20632615919385
2021-02-13,4.551359027104809
2021-02-14,47.74193530973571
2021-02-15,-140.04086302440055
2021-02-16,-63.53333522111416
2021-02-17,375.9959418211479
2021-02-18,50.96213180898576
2021-02-19,-150.94431431677822
2021-02-20,172.8749877927421
2021-02-21,-96.04612301295447
2021-02-22,212.28526669744497
2021-02-23,59.18812606993106
2021-02-24,401.26453057694835
2021-02-25,184.1136950911041
2021-02-26,-201.78884261418807
2021-02-27,-6.715503256466036
2021-02-28,-84.81510492147027
2021-03-01,126.97118828606563
2021-03-02,-194.79336091338882
2021-03-03,143.11962717839924
2021-03-04,40.529985126856445
2021-03-05,-479.3104959987786
2021-03-06,-334.24416625252616
2021-03-07,-452.25792690634444
2021-03-08,-41.12976839770727
2021-03-09,120.89133395914087
2021-03-10,221.817482102515
2021-03-11,-95.39194708864943
2021-03-12,102.02285441843924
2021-03-13,-466.76792819134516
2021-03-14,-344.5953858842968
2021-03-15,-5.99748299584553
2021-03-16,93.39978715759025
2021-03-17,29.208529988408372
2021-03-18,-324.6040243965699
2021-03-19,-36.141292539713504
2021-03-20,-332.6110766332622
2021-03-21,77.3359285065435
2021-03-22,45.42828059631847
2021-03-23,-43.443090722486886
2021-03-24,70.56645038251281
2021-03-25,-96.0188537851709
2021-03-26,-4.536439219901695
2021-03-27,71.8229264804977
2021-03-28,-210.833778621286
2021-03-29,184.72700869931577
2021-03-30,34.93709229625347
2021-03-31,53.01092878713371
2021-04-01,84.11547040594814
2021-04-02,-167.60610214854205
2021-04-03,-98.25252181497581
2021-04-04,-175.6077640348849
2021-04-05,423.185030891942
2021-04-06,79.23030475569976
2021-04-07,56.39299725727051
2021-04-08,123.85680960795526
2021-04-09,-54.55923839868228
2021-04-10,-103.31287478711783
2021-04-11,57.30642556715884
2021-04-12,129.18338606702673
2021-04-13,0.37260953842178424
2021-04-14,33.15614908929183
2021-04-15,-4.515120765485335
2021-04-16,-415.39085532102763
2021-04-17,-258.2338151298145
2021-04-18,176.7658125636499
2021-04-19,209.3583093098605
2021-04-20,-9.016065753331532
2021-04-21,174.86956232728426
2021-04-22,9.31209034397125
2021-04-23,342.9078874630177
2021-04-24,-123.8825023713107
2021-04-25,-198.30228504746447
2021-04-26,-219.32108786609842
2021-04-27,-213.88584154641467
2021-04-28,80.13105369543064
2021-04-29,-201.53197855848975
2021-04-30,-346.28895625959285
2021-05-01,-248.0853367354066
2021-05-02,-298.40724472073634
2021-05-03,242.00984236044405
2021-05-04,86.36280124030327
2021-05-05,1.9320176283954424
2021-05-06,169.88101254886533
2021-05-07,-193.58552835755745
2021-05-08,-320.3685062839022
2021-05-09,105.0776939413754
2021-05-10,-46.40573002218662
2021-05-11,-156.133082676527
2021-05-12,21.778580298828274
2021-05-13,-184.0431979270179
2021-05-14,-312.94480745277906
2021-05-15,17.367635124124718
2021-05-16,120.78990907180196
2021-05-17,-307.90998545326784
2021-05-18,188.6617221665747
2021-05-19,-82.28999655852931
2021-05-20,-59.636840800721075
2021-05-21,-181.0620908365081
2021-05-22,-245.6212766601643
2021-05-23,-53.603156320659764
2021-05-24,-119.59258343320289
2021-05-25,166.42135030789996
2021-05-26,78.54813982880569
2021-05-27,1.7999994361553036
2021-05-28,-184.67913369010557
2021-05-29,-146.1215168577337
2021-05-30,83.18070530606656
2021-05-31,92.0141959698285
2021-06-01,-40.460078766531296
2021-06-02,176.54433146733754
2021-06-03,154.0945609758278
2021-06-04,-319.32289659112666
2021-06-05,64.02920010936577
2021-06-06,-176.43098915231622
2021-06-07,165.6241182249778
2021-06-08,-23.355755200500425
2021-06-09,-114.19699169417663
2021-06-10,-130.04719851324717
2021-06-11,32.59147542699793
2021-06-12,-37.62098249084556
2021-06-13,-168.6550369554634
2021-06-14,193.40737172957233
2021-06-15,-141.38579714437492
2021-06-16,198.33255905304532
2021-06-17,-121.39061680906343
2021-06-18,-68.42095236607702
2021-06-19,-36.86932006217148
2021-06-20,-152.00524049521573
2021-06-21,46.231742160563954
2021-06-22,307.5152711896212
2021-06-23,17.47541640562713
2021-06-24,220.06196073266847
2021-06-25,-242.53601435609562
2021-06-26,48.905565396607926
2021-06-27,137.71305899194522
2021-06-28,-384.85881958285336
2021-06-29,84.36195100615942
2021-06-30,210.7391358847217
2021-07-01,-16.587248141922373
2021-07-02,6.9365871775144115
2021-07-03,-217.62394294831256
2021-07-04,-34.87478772570057
2021-07-05,-18.40608495674269
2021-07-06,269.94441710660794
2021-07-07,71.3689915717855
2021-07-08,49.19730527895081
2021-07-09,-178.27243250243328
2021-07-10,-201.89510228575364
2021-07-11,-161.42267768170495
2021-07-12,57.97685415583055
2021-07-13,-25.009718791906835
2021-07-14,122.82485898744699
2021-07-15,280.03953236970165
2021-07-16,-59.39744440667482
2021-07-17,-241.5681285608739
2021-07-18,58.71446803798108
2021-07-19,-161.45591208585074
2021-07-20,-258.7270782045862
2021-07-21,-49.01126894020945
2021-07-22,-280.7109115084618
2021-07-23,-90.53413467193195
2021-07-24,-127.63214441661148
2021-07-25,165.84052535371393
2021-07-26,-8.264029503458005
2021-07-27,44.94353482215047
2021-07-28,214.44628787535612
2021-07-29,-351.8708721402372
2021-07-30,52.93469643806111
2021-07-31,-13.796544103835458
2021-08-01,-306.32903828570716
2021-08-02,266.0973656547385
2021-08-03,112.8860367094444
2021-08-04,52.39841176385653
2021-08-05,156.5253761060576
2021-08-06,269.7201031113186
2021-08-07,-150.13529563110478
2021-08-08,-21.234929788766294
2021-08-09,-59.90945178341781
2021-08-10,-9.591473056732866
2021-08-11,255.6020796480584
2021-08-12,-131.33568650777397
2021-08-13,-9.995723904143006
2021-08-14,-180.94437107827662
2021-08-15,35.21219942221046
2021-08-16,62.94226731806839
2021-08-17,256.61631905679315
2021-08-18,-9.53530880690846
2021-08-19,17.698826395867627
2021-08-20,-202.37616654241856
2021-08-21,-125.44186729322792
2021-08-22,14.178182943429192
2021-08-23,142.44675839129718
2021-08-24,-49.97618503876106
2021-08-25,290.1009792264106
2021-08-26,208.24641114611381
2021-08-27,-32.08516013032249
2021-08-28,168.21457024408141
2021-08-29,-258.59353029512044
2021-08-30,-134.43435331962974
2021-08-31,-135.7158416545824
2021-09-01,391.1412646638262
2021-09-02,67.94409566000445
2021-09-03,-80.45817044625869
2021-09-04,-62.14482267859603
2021-09-05,-246.87532912036772
2021-09-06,438.5029083790596
2021-09-07,18.60123690147043
2021-09-08,124.23875294694722
2021-09-09,118.67589954646837
2021-09-10,-28.699775151923177
2021-09-11,-104.72435832219867
2021-09-12,-210.61806371731564
2021-09-13,107.84780860176124
2021-09-14,344.7041706771902
2021-09-15,215.61662413940462
2021-09-16,197.51561707232804
2021-09-17,-238.6023274418419
2021-09-18,-273.9833383515347
2021-09-19,-99.11756370515627
2021-09-20,-3.410875267611118
2021-09-21,228.45269976095165
2021-09-22,-225.5590156754124
2021-09-23,302.33666792684244
2021-09-24,-181.3593217095838
2021-09-25,-171.51245954109572
2021-09-26,-225.2810305104838
2021-09-27,-190.94516802473663
2021-09-28,288.28037091913734
2021-09-29,95.4667207614707
2021-09-30,-133.3987569239489
2021-10-01,-172.496866499112
2021-10-02,-63.393818277067794
2021-10-03,257.37217713737596
2021-10-04,-8.423359274573613
2021-10-05,-32.753576645790645
2021-10-06,196.62525729031995
2021-10-07,81.59342159518224
2021-10-08,-358.5625618855513
2021-10-09,100.46719331895224
2021-10-10,9.70320344491006
2021-10-11,278.4651409459384
2021-10-12,481.94168846713274
2021-10-13,335.59117832055335
2021-10-14,70.11572790131572
2021-10-15,-106.03125152726125
2021-10-16,423.9260871235181
2021-10-17,-63.58490370542745
2021-10-18,126.22421299405528
2021-10-19,165.38701311516638
2021-10-20,202.35130407683096
2021-10-21,59.86151230207861
2021-10-22,-87.24982729926205
2021-10-23,-118.13440062635323
2021-10-24,-4.9514301042784155
2021-10-25,-12.58978412369379
2021-10-26,59.246890416106226
2021-10-27,185.41203859198345
2021-10-28,28.408032057350738
2021-10-29,215.5474789988391
2021-10-30,-527.8423243519907
2021-10-31,243.79540718087515
2021-11-01,186.48493191807734
2021-11-02,-214.1054081854195
2021-11-03,161.24831747532016
2021-11-04,8.672264978560634
2021-11-05,-220.78089350178743
2021-11-06,-125.877437617444
2021-11-07,-159.49569552081766
2021-11-08,390.9566927474614
2021-11-09,229.0846919752919
2021-11-10,327.0692043689237
2021-11-11,134.8748319026322
2021-11-12,-215.3459756387408
2021-11-13,-108.3516725847885
2021-11-14,56.15533873242407
2021-11-15,-143.5758742953617
2021-11-16,296.69057688119074
2021-11-17,67.46446122366683
2021-11-18,29.62379164369395
2021-11-19,91.08690346870048
2021-11-20,-28.083469871494344
2021-11-21,-101.81719376777392
2021-11-22,246.72910120486495
2021-11-23,-84.1354217430328
2021-11-24,271.48008577354085
2021-11-25,108.58007087974715
2021-11-26,-101.60000078828921
2021-11-27,-27.501988866514694
2021-11-28,-250.09946949788468
2021-11-29,231.213002023105
2021-11-30,50.47275228433227
2021-12-01,57.29067793588797
2021-12-02,224.73016452179127
2021-12-03,-191.9462913111638
2021-12-04,-263.4235399160418
2021-12-05,-228.5678524336795
2021-12-06,206.66061340891065
2021-12-07,-78.74671158260935
2021-12-08,473.3029350173374
2021-12-09,-309.49242500833225
2021-12-10,342.9175788767802
2021-12-11,-102.83348501214368
2021-12-12,-16.48005602674266
2021-12-13,-10.300604678390755
2021-12-14,237.83982160977257
2021-12-15,125.4724859373614
2021-12-16,255.97338943464956
2021-12-17,-47.7785270031095
2021-12-18,-35.93416442343141
2021-12-19,-97.66785469298429
2021-12-20,69.24844391877286
2021-12-21,173.8601902753462
2021-12-22,-131.78886270834437
2021-12-23,-76.69148121374747
2021-12-24,133.17808259920457
2021-12-25,-71.56490170686402
2021-12-26,-48.89709483095476
2021-12-27,72.14634549929497
2021-12-28,193.01339882926595
2021-12-29,43.320605194679956
2021-12-30,-25.784818805390387
2021-12-31,28.48847962779746
2022-01-01,-214.016608987356
2022-01-02,80.04004476757109
2022-01-03,-203.1263836385856
2022-01-04,374.96831348998603
2022-01-05,174.75390450631176
2022-01-06,107.92348215870061
2022-01-07,115.36120281189642
2022-01-08,142.07016453525512
2022-01-09,46.443774899631535
2022-01-10,-275.87787699662476
2022-01-11,-19.275276827837843
2022-01-12,49.498728983731326
2022-01-13,63.03078569484069
2022-01-14,23.058161170344192
2022-01-15,-224.7619401845268
2022-01-16,-0.798893926996243
2022-01-17,-94.64958735772643
2022-01-18,48.14905337073469
2022-01-19,-80.6317695739599
2022-01-20,-38.2736551399139
2022-01-21,-212.47843209881603
2022-01-22,-165.44240919902404
2022-01-23,167.72356476113282
2022-01-24,-109.59736755557105
2022-01-25,590.4740482456873
2022-01-26,113.32272165093627
2022-01-27,92.22328251563567
2022-01-28,-176.40793277220473
2022-01-29,59.3240208565976
2022-01-30,-166.23948441615948
2022-01-31,92.02525322398606
2022-02-01,487.779860288043
2022-02-02,-0.9209878066344572
2022-02-03,210.11729750987615
2022-02-04,-236.84141314664612
2022-02-05,-104.14415102543944
2022-02-06,162.1740045666461
2022-02-07,-175.33147362930777
2022-02-08,357.7057731284849
2022-02-09,72.85326149789125
2022-02-10,-138.3420578199366
2022-02-11,-24.95830937993287
2022-02-12,-68.42589849335036
2022-02-13,-95.73439161035367
2022-02-14,-326.03481736530784
2022-02-15,-44.35118587321722
2022-02-16,-7.036355654360705
2022-02-17,-56.48982566588984
2022-02-18,-45.91275779991156
2022-02-19,-179.26823769424664
2022-02-20,-345.33252815142623
2022-02-21,64.0138952132047
2022-02-22,107.61178062839372
2022-02-23,110.23287849583085
2022-02-24,114.77982064035768
2022-02-25,-35.53325244426651
2022-02-26,-126.7266478313386
2022-02-27,-157.01580450668007
2022-02-28,-285.6924696162423
2022-03-01,170.2207857172807
2022-03-02,57.843004464974
2022-03-03,25.031735474090965
2022-03-04,-308.06478053875617
2022-03-05,-251.02929398309243
2022-03-06,99.87022835619427
2022-03-07,-39.961444279329044
2022-03-08,196.97003617025348
2022-03-09,65.36411800718724
2022-03-10,24.659746067628475
2022-03-11,64.03957226180319
2022-03-12,-231.6020337130767
2022-03-13,-40.16027773181759
2022-03-14,-65.6794090570238
2022-03-15,45.45808833215597
2022-03-16,62.14810633602974
2022-03-17,71.70425983500627
2022-03-18,-146.2836211435888
2022-03-19,104.15675010927589
2022-03-20,-255.91282398535895
2022-03-21,37.15180013087593
2022-03-22,28.23294812021595
2022-03-23,338.30897391694907
2022-03-24,-6.576204359364056
2022-03-25,84.39877360274204
2022-03-26,-393.6814467175418
2022-03-27,16.415279066909534
2022-03-28,110.04653282297204
2022-03-29,58.81334220316057
2022-03-30,224.62497662165424
2022-03-31,-129.3089956652966
2022-04-01,123.20766427114722
2022-04-02,125.43250729840383
2022-04-03,-273.01933999150515
2022-04-04,-100.99005505755213
2022-04-05,237.307894376886
2022-04-06,187.25657105353912
2022-04-07,-210.7982096302876
2022-04-08,-216.25342014991202
2022-04-09,-259.12752013358477
2022-04-10,-375.6970208436542
2022-04-11,-176.69872824590857
2022-04-12,-124.74273375072426
2022-04-13,-70.1502815220856
2022-04-14,-30.11741347804491
2022-04-15,-100.72509511376575
2022-04-16,54.66952477875111
2022-04-17,-340.62376920611496
2022-04-18,157.45901796808357
2022-04-19,-40.94739801072956
2022-04-20,55.131177809840665
2022-04-21,71.94251043024451
2022-04-22,-306.91562675149453
2022-04-23,-51.71954627737159
2022-04-24,-105.48415314701833
2022-04-25,56.23727129930103
2022-04-26,86.04445329163354
2022-04-27,422.36781937391333
2022-04-28,-206.04070360977494
2022-04-29,-156.70588495927223
2022-04-30,-240.61855510376608
2022-05-01,-173.25748914181258
2022-05-02,-95.25162722598725
2022-05-03,267.28808580927944
2022-05-04,231.8294682661126
2022-05-05,-140.57416263200957
2022-05-06,-205.56162262090947
2022-05-07,-49.32979824652284
2022-05-08,-211.4487339745374
2022-05-09,108.76242390704374
2022-05-10,62.933905969208354
2022-05-11,-165.55626528753146
2022-05-12,282.17580264762546
2022-05-13,103.7699144793387
2022-05-14,-299.5021937624588
2022-05-15,-145.52237158235675
2022-05-16,23.477932109663016
2022-05-17,87.3084441222436
2022-05-18,135.50267013809298
2022-05-19,249.63217768217874
2022-05-20,-232.14562137986013
2022-05-21,-284.6086414034871
2022-05-22,-327.7484586526816
2022-05-23,-106.90870294071556
2022-05-24,51.008787468879746
2022-05-25,314.48921703772703
2022-05-26,-177.4591159294996
2022-05-27,-60.34196116464773
2022-05-28,-188.71255190237116
2022-05-29,55.155506246162076
2022-05-30,290.18958429675695
2022-05-31,-142.70012290495833
2022-06-01,-24.808635357492676
2022-06-02,113.97840680253285
2022-06-03,-88.39550933386727
2022-06-04,63.0829755802979
2022-06-05,-147.85649355197802
2022-06-06,-147.46080309990157
2022-06-07,90.09386025965705
2022-06-08,133.21001765772053
2022-06-09,-1.9009081079020689
2022-06-10,-132.36599117932474
2022-06-11,-88.11965257764223
2022-06-12,-58.50311851780771
2022-06-13,57.31747899916172
2022-06-14,7.896556565306128
2022-06-15,-90.16279958537143
2022-06-16,-88.83664663449053
2022-06-17,-35.76922859118167
2022-06-18,-418.03322715825516
2022-06-19,-114.94288095919228
2022-06-20,-190.61976963420284
2022-06-21,-2.4267818138223447
2022-06-22,170.74514408127607
2022-06-23,-101.13565311815319
2022-06-24,-165.71734688435436
2022-06-25,-415.25354716508355
2022-06-26,7.130252740245396
2022-06-27,6.341661406095227
2022-06-28,336.11847216009255
2022-06-29,-97.85463548593043
2022-06-30,16.45709172174793
2022-07-01,-107.80202493630395
2022-07-02,65.74739407297011
2022-07-03,-201.8743656239294
2022-07-04,23.98451135709911
2022-07-05,120.18738546300528
2022-07-06,60.781789964352356
2022-07-07,-92.453766341358
2022-07-08,-57.185453139509264
2022-07-09,6.022758377551327
2022-07-10,-292.38339695769537
2022-07-11,57.946712115568516
2022-07-12,-40.398972167360625
2022-07-13,295.2393123539323
2022-07-14,-261.03041663767226
2022-07-15,-84.83292810521516
2022-07-16,-35.823374708100346
2022-07-17,167.15173159485084
2022-07-18,-32.78869008649417
2022-07-19,37.99546081831795
2022-07-20,411.2406788104058
2022-07-21,-252.32235308546933
2022-07-22,-317.74289393746767
2022-07-23,51.405699921086125
2022-07-24,-139.70407674002763
2022-07-25,-68.11867724886451
2022-07-26,281.28705297963324
2022-07-27,152.25863160128074
2022-07-28,-14.644717290716017
2022-07-29,-188.7207170735487
2022-07-30,120.71861968179519
2022-07-31,43.30449468710049
2022-08-01,41.76622391386172
2022-08-02,426.4639845868551
2022-08-03,-94.38975948085181
2022-08-04,-117.19910772499543
2022-08-05,-86.56686477754056
2022-08-06,-53.266274128553505
2022-08-07,10.064391092885216
2022-08-08,20.557711483897947
2022-08-09,200.50640829660097
2022-08-10,-65.79520127820115
2022-08-11,331.62193943802004
2022-08-12,-107.29217646431152
2022-08-13,102.78304096073862
2022-08-14,-45.93883515904099
2022-08-15,98.1764610931018
2022-08-16,166.10625482191745
2022-08-17,144.39923342752854
2022-08-18,93.66166641268637
2022-08-19,91.12425131728742
2022-08-20,-161.08540111748061
2022-08-21,-4.739609379357262
2022-08-22,-72.48985130256551
2022-08-23,266.3937801056313
2022-08-24,-125.43930686678777
2022-08-25,265.71222298577277
2022-08-26,-225.58912588151452
2022-08-27,-386.5784328669131
2022-08-28,-81.55584449393041
2022-08-29,-161.29015518713913
2022-08-30,184.7355091409463
2022-08-31,-94.14864387140551
2022-09-01,-66.19278105495096
2022-09-02,-384.2987122370628
2022-09-03,-138.5664920364527
2022-09-04,-442.4953383484028
2022-09-05,-117.00768311784691
2022-09-06,285.8752464186398
2022-09-07,230.25685899647078
2022-09-08,120.09941334070527
2022-09-09,-166.17673539762495
2022-09-10,-12.261742852455882
2022-09-11,0.5335781467972538
2022-09-12,-66.96814679103136
2022-09-13,458.86646591343197
2022-09-14,262.77939859407866
2022-09-15,65.31162284912375
2022-09-16,39.00169611018987
2022-09-17,11.316607227632858
2022-09-18,-293.0378974095272
2022-09-19,161.12016756348817
2022-09-20,94.05012307349193
2022-09-21,88.10377831689289
2022-09-22,131.36150669977542
2022-09-23,330.74782418296263
2022-09-24,31.169949202140515
2022-09-25,-63.43228341149779
2022-09-26,224.89460901713892
2022-09-27,373.7885527029771
2022-09-28,267.28391933939906
2022-09-29,73.69161147067962
2022-09-30,-110.74552438181627
2022-10-01,66.74831653793444
2022-10-02,-3.6706638019136335
2022-10-03,177.33429245664206
2022-10-04,175.32921447245258
2022-10-05,244.65943983799207
2022-10-06,-100.57175518631834
2022-10-07,143.00721388513307
2022-10-08,-162.25255202968697
2022-10-09,210.57098426275343
2022-10-10,-213.66642990669106
2022-10-11,341.9026737616946
2022-10-12,-16.377038434927044
2022-10-13,-137.18840174669072
2022-10-14,-198.2747146331942
2022-10-15,-211.86731858775192
2022-10-16,-68.73681466659718
2022-10-17,21.13919320166451
2022-10-18,-73.27188723145537
2022-10-19,63.27259953564294
2022-10-20,288.95078010930047
2022-10-21,62.75948746316021
2022-10-22,-158.55453174362833
2022-10-23,-136.26607058373406
2022-10-24,-26.24422898628336
2022-10-25,128.2329476322011
2022-10-26,-132.57095039764886
2022-10-27,-12.972157427575894
2022-10-28,-349.50620766931684
2022-10-29,0.42890359807506684
2022-10-30,-3.0134291871142977
2022-10-31,-60.54038244005096
2022-11-01,366.5674908189076
2022-11-02,-126.162816087912
2022-11-03,-109.34756551275291
2022-11-04,57.34977733474716
2022-11-05,90.80383044324185
2022-11-06,210.9402821488461
2022-11-07,-44.6092998029892
2022-11-08,347.3957694738715
2022-11-09,107.31699314970956
2022-11-10,74.16656093783581
2022-11-11,133.31565343334546
2022-11-12,21.204276865111524
2022-11-13,-266.04348760073435
2022-11-14,371.38089567396855
2022-11-15,299.7414251504888
2022-11-16,24.130679153701294
2022-11-17,164.2864409037429
2022-11-18,39.0436704047529
2022-11-19,-40.56614489823096
2022-11-20,-117.78149188601219
2022-11-21,-18.68856417909865
2022-11-22,157.95897041936087
2022-11-23,315.80506484393027
2022-11-24,105.0926766289399
2022-11-25,-103.21074279111917
2022-11-26,51.52042412467517
2022-11-27,-505.14703566769253
2022-11-28,339.8531550501907
2022-11-29,-193.64758501295273
2022-11-30,166.99229410537782
2022-12-01,-98.2184024732901
2022-12-02,-156.63928652921322
2022-12-03,168.6188668439404
2022-12-04,-117.07889218324453
2022-12-05,167.11389162294427
2022-12-06,143.37334747867908
2022-12-07,243.1663398979199
2022-12-08,87.17597022564814
2022-12-09,-195.30136447017003
2022-12-10,156.30248547366955
2022-12-11,-125.20685759032085
2022-12-12,-118.6255744631394
2022-12-13,152.87691419240946
2022-12-14,408.38235214167844
2022-12-15,166.37134658760215
2022-12-16,-77.65059213624772
2022-12-17,-92.33258366544396
2022-12-18,-53.56519458565708
2022-12-19,394.75892839847074
2022-12-20,117.89471753829139
2022-12-21,192.75048150191742
2022-12-22,184.22421090242142
2022-12-23,-56.27013751811819
2022-12-24,-151.249993144786
2022-12-25,-95.80315189744397
2022-12-26,7.5183498541418885
2022-12-27,81.55863017724641
2022-12-28,195.38524657681046
2022-12-29,-12.37340175713689
2022-12-30,23.096663747265666
2022-12-31,-179.42015974881178
2023-01-01,-74.99557943411355
2023-01-02,-313.15755409068015
2023-01-03,289.1751476631157
2023-01-04,82.73397308131325
2023-01-05,154.3125374561746
2023-01-06,-565.9883929649654
2023-01-07,305.627971432466
2023-01-08,-208.03546631129984
2023-01-09,200.98016209189518
2023-01-10,-131.68238737484626
2023-01-11,226.62173571406083
2023-01-12,-185.4050709420094
2023-01-13,-118.09862518540876
2023-01-14,184.18140977410303
2023-01-15,-170.4367748517575
2023-01-16,62.79247526281051
2023-01-17,212.21874957230193
2023-01-18,130.68009135194052
2023-01-19,26.52041363603894
2023-01-20,-32.76528825938749
2023-01-21,225.24839705425666
2023-01-22,-195.64060818330245
2023-01-23,37.887608118290245
2023-01-24,201.39322306592157
2023-01-25,188.36690574044405
2023-01-26,114.93456093722034
2023-01-27,-67.46288564266615
2023-01-28,-370.41736285387697
2023-01-29,154.11052986019877
2023-01-30,-294.58605272665864
2023-01-31,130.40216254265124
2023-02-01,-108.69038192796779
2023-02-02,-9.014243379005165
2023-02-03,-82.4682925733714
2023-02-04,-121.87867502945392
2023-02-05,-73.54943058347726
2023-02-06,201.70829012394734
2023-02-07,47.108799925425956
2023-02-08,-1.116214065834356
2023-02-09,117.91164057872084
2023-02-10,18.277633533249173
2023-02-11,-397.8572676087324
2023-02-12,13.55574705642448
2023-02-13,34.508978288523394
2023-02-14,-21.542071378456967
2023-02-15,261.0793733828423
2023-02-16,-104.44597428804445
2023-02-17,-91.21661543920891
2023-02-18,-196.69369757081222
2023-02-19,-111.98452150552475
2023-02-20,-191.0652839203458
2023-02-21,-116.97171754096507
2023-02-22,360.63261360955494
2023-02-23,-188.7885857519468
2023-02-24,-185.19935327924213
2023-02-25,-411.39354703421213
2023-02-26,-75.96273128496159
2023-02-27,-140.54752116689815
2023-02-28,437.14649474206544
2023-03-01,224.20467489458042
2023-03-02,-56.013249658909444
2023-03-03,340.28286645380376
2023-03-04,-12.911249618746297
2023-03-05,-116.34229450177372
2023-03-06,-318.42090068237576
2023-03-07,556.8551757293071
2023-03-08,-186.74841786036905
2023-03-09,-126.50012808346492
2023-03-10,161.37455546835918
2023-03-11,241.40867113182776
2023-03-12,67.10805400511254
2023-03-13,64.65514812071706
2023-03-14,148.58028054049373
2023-03-15,176.19609247923108
2023-03-16,65.39800883204043
2023-03-17,-104.3116529627705
2023-03-18,-170.57218872059366
2023-03-19,-158.8487245031547
2023-03-20,-173.16796876467652
2023-03-21,-1.6150994334711868
2023-03-22,-235.1517733815981
2023-03-23,-2.9248403539941137
2023-03-24,-296.38766071280224
2023-03-25,-300.5328372541544
2023-03-26,-68.54049971380664
2023-03-27,168.2830677402535
2023-03-28,128.8799065755993
2023-03-29,-221.6440720756582
2023-03-30,-118.19263837105154
2023-03-31,54.666837401962766
2023-04-01,-339.64482184704684
2023-04-02,-97.4526518764269
2023-04-03,69.93741511123608
2023-04-04,-97.26738915383157
2023-04-05,127.61603444756292
2023-04-06,-204.50271940031416
2023-04-07,-116.52273831591447
2023-04-08,-50.52030528198338
2023-04-09,-320.338915527248
2023-04-10,160.47234730570472
2023-04-11,81.69733227995766
2023-04-12,207.2845386719182
2023-04-13,53.03751376634045
2023-04-14,149.45474829005616
2023-04-15,-136.1438407117239
2023-04-16,-129.31502913444365
2023-04-17,49.203456024465595
2023-04-18,167.36217816126282
2023-04-19,74.8036803593568
2023-04-20,18.92800800101213
2023-04-21,-196.18234909966122
2023-04-22,-202.5810990480377
2023-04-23,-282.6855798491415
2023-04-24,319.78766407113926
2023-04-25,-184.9906549302632
2023-04-26,36.41879064785826
2023-04-27,-88.76129640528598
2023-04-28,82.29793692446765
2023-04-29,-211.1603319022206
2023-04-30,119.05075808641868
2023-05-01,-160.50424124309848
2023-05-02,146.37550485623797
2023-05-03,-81.35933651857613
2023-05-04,354.42256580431695
2023-05-05,-377.35835559784937
2023-05-06,-43.05168481497094
2023-05-07,-52.11783845265745
2023-05-08,17.948560645509133
2023-05-09,-8.637235627935297
2023-05-10,30.763637368660966
2023-05-11,-33.421431120632406
2023-05-12,-151.0908392638912
2023-05-13,-29.354260867381527
2023-05-14,157.76164209894796
2023-05-15,-225.45403636579158
2023-05-16,-162.23302184667227
2023-05-17,39.18794101715321
2023-05-18,331.27987782855143
2023-05-19,-375.29297147653506
2023-05-20,92.70551829404485
2023-05-21,5.7382009870188995
2023-05-22,-218.02701876477204
2023-05-23,89.80059416662789
2023-05-24,202.41028742046183
2023-05-25,-214.25223593224837
2023-05-26,-197.2160958362283
2023-05-27,-322.1955210576316
2023-05-28,-315.9256349909874
2023-05-29,-153.3627297363928
2023-05-30,-161.78532422598255
2023-05-31,62.21185884696297
2023-06-01,-165.6551284004654
2023-06-02,-60.304868168119356
2023-06-03,-404.14975372080335
2023-06-04,5.477248875604346
2023-06-05,100.78240933525649
2023-06-06,-246.20289287382366
2023-06-07,228.20019433346715
2023-06-08,187.32489163087575
2023-06-09,-279.0026064406575
2023-06-10,206.3010278719512
2023-06-11,-65.37647329542597
2023-06-12,-74.70463678684519
2023-06-13,126.6186789790845
2023-06-14,198.11129960134258
2023-06-15,33.83209666972925
2023-06-16,31.297832651702265
2023-06-17,-256.5284800710551
2023-06-18,7.552259863883592
2023-06-19,-191.23208189006618
2023-06-20,156.2933963419173
2023-06-21,-21.767904150487993
2023-06-22,-18.80740527884609
2023-06-23,170.34755872245023
2023-06-24,36.990888588795315
2023-06-25,7.699986058270952
2023-06-26,-148.55885750798006
2023-06-27,99.30867032557853
2023-06-28,294.262806171354
2023-06-29,3.6298533593462707
2023-06-30,279.6599221551005
2023-07-01,-160.30907988849594
2023-07-02,-74.03198801136159
2023-07-03,-80.50133179845443
2023-07-04,82.24886216104551
2023-07-05,12.307677844355567
2023-07-06,84.79886467858705
2023-07-07,-15.673150823010474
2023-07-08,-327.0913831345556
2023-07-09,-311.8066608665986
2023-07-10,-277.7230205599294
2023-07-11,176.86523951864183
2023-07-12,-144.06541739312433
2023-07-13,-291.8547467822218
2023-07-14,37.219007951600815
2023-07-15,222.27149074930912
2023-07-16,-178.65108318296734
2023-07-17,137.31303372408502
2023-07-18,45.22556992235786
2023-07-19,59.56162328271512
2023-07-20,138.74380570790254
2023-07-21,-171.88023670383745
2023-07-22,-80.62613514340364
2023-07-23,-61.83701983910896
2023-07-24,-114.88174868960641
2023-07-25,249.03575198295403
2023-07-26,7.479439178463053
2023-07-27,-94.51925104880638
2023-07-28,20.930660577714207
2023-07-29,-281.90304532822165
2023-07-30,-37.34671228109255
2023-07-31,8.144781224650615
2023-08-01,262.0266324827153
2023-08-02,126.87676408198604
2023-08-03,8.090093223633176
2023-08-04,52.531304070803344
2023-08-05,61.45340134768048
2023-08-06,-48.08764236778234
2023-08-07,-11.104167656059872
2023-08-08,-124.09093811396497
2023-08-09,-31.072991703740627
2023-08-10,1.2389628591786277
2023-08-11,-151.8816176315463
2023-08-12,-110.28385343192895
2023-08-13,-46.158512333927774
2023-08-14,114.00958016944469
2023-08-15,83.85611696804153
2023-08-16,195.5244403868146
2023-08-17,34.39824193001414
2023-08-18,-343.2801660752284
2023-08-19,-149.59769303357325
2023-08-20,-30.06661299710504
2023-08-21,-109.00073925363404
2023-08-22,288.7889990251497
2023-08-23,359.9538187004846
2023-08-24,215.19730145342328
2023-08-25,-88.01728623875397
2023-08-26,171.1836048285959
2023-08-27,-72.20028897277189
2023-08-28,4.842294581419992
2023-08-29,39.42008702439534
2023-08-30,102.37953330731125
2023-08-31,2.8028644634150623
2023-09-01,4.232624075781587
2023-09-02,-65.1109710107844
2023-09-03,-44.48242688351411
2023-09-04,112.69392312351738
2023-09-05,283.3859211059312
2023-09-06,214.4584490425359
2023-09-07,-217.72112238383352
2023-09-08,-384.4130270323069
2023-09-09,135.09484625470486
2023-09-10,-299.99347051342306
2023-09-11,80.9974029735422
2023-09-12,-47.34563343855734
2023-09-13,-78.78911773202708
2023-09-14,222.92095369732806
2023-09-15,85.90421692875952
2023-09-16,-154.26411507860848
2023-09-17,-365.39840315339165
2023-09-18,110.17828997531274
2023-09-19,254.15693126385236
2023-09-20,-39.75197780672829
2023-09-21,217.38458565248766
2023-09-22,23.31027778735279
2023-09-23,95.15090250899993
2023-09-24,32.729271253592515
2023-09-25,-17.676839044608187
2023-09-26,417.39503776306515
2023-09-27,127.40036867331582
2023-09-28,133.77958396454642
2023-09-29,-116.25266611296274
2023-09-30,-47.988346118972686
2023-10-01,-100.38218386098583
2023-10-02,122.31277316138244
2023-10-03,448.1745940015305
2023-10-04,-85.26517392491769
2023-10-05,-73.22473363002177
2023-10-06,287.2282913634963
2023-10-07,-122.02520745990569
2023-10-08,-76.79121641876782
2023-10-09,268.8440139678298
2023-10-10,28.720618999379894
2023-10-11,462.36797227587704
2023-10-12,101.30973300558844
2023-10-13,-115.9739786255559
2023-10-14,259.02486163268463
2023-10-15,-231.23806063706934
2023-10-16,173.4811494269611
2023-10-17,100.22267702816771
2023-10-18,277.4092387506921
2023-10-19,186.14685057229872
2023-10-20,-149.73351990395213
2023-10-21,-266.9048389906952
2023-10-22,-25.950240301155645
2023-10-23,-156.67291620768378
2023-10-24,377.1663048343207
2023-10-25,-21.699871960016935
2023-10-26,-80.73206782807347
2023-10-27,-93.82802909624434
2023-10-28,-378.14583676969664
2023-10-29,-218.0227488879284
2023-10-30,191.61468991588663
2023-10-31,-85.4785851356196
2023-11-01,-49.25536829726934
2023-11-02,123.12074018020803
2023-11-03,83.9000560311174
2023-11-04,-44.57437486903427
2023-11-05,58.76097792866358
2023-11-06,-130.57346650067575
2023-11-07,-78.02403484018441
2023-11-08,385.3001988551446
2023-11-09,-61.97691197154563
2023-11-10,-53.97936837256702
2023-11-11,128.2786052274323
2023-11-12,-1.7707829341075012
2023-11-13,112.26387960448528
2023-11-14,438.61633704494534
2023-11-15,-49.66340977119944
2023-11-16,226.8503458883656
2023-11-17,-78.94975417993419
2023-11-18,-40.80798696168904
2023-11-19,166.3046263324768
2023-11-20,58.696749433177956
2023-11-21,174.8348231476475
2023-11-22,244.5902966752833
2023-11-23,-69.2809827132919
2023-11-24,-177.08748245116612
2023-11-25,-241.25080896072996
2023-11-26,-322.74872027069887
2023-11-27,418.174628470636
2023-11-28,-133.204319210015
2023-11-29,150.47625841567742
2023-11-30,12.455944293967605
2023-12-01,31.727045666516915
2023-12-02,39.01357173128963
2023-12-03,73.23298529088152
2023-12-04,-59.23350750647296
2023-12-05,136.08979359507748
2023-12-06,179.9939441626616
2023-12-07,21.22416080300809
2023-12-08,226.29663239317188
2023-12-09,-59.473982929077465
2023-12-10,61.945534889674036
2023-12-11,117.62962063822124
2023-12-12,268.97525692735553
2023-12-13,92.86130157822754
2023-12-14,-167.55721145128427
2023-12-15,43.61432693030838
2023-12-16,-226.95779561317158
2023-12-17,-114.33459049913154
2023-12-18,132.29854616246394
2023-12-19,268.9969421078931
2023-12-20,63.28143578631398
2023-12-21,79.05582624697263
2023-12-22,171.67574180979864
2023-12-23,-144.65722946405913
2023-12-24,302.5416398873672
2023-12-25,-24.465443961711117
2023-12-26,-215.4502845247739
2023-12-27,232.7071551292638
2023-12-28,2.630165006311472
2023-12-29,77.1493113807328
2023-12-30,-106.31565387233513
2023-12-31,-163.7738791431825
2024-01-01,-206.2757978392824
2024-01-02,63.711355309327246
2024-01-03,-68.47204601710837
2024-01-04,-57.6938837919397
2024-01-05,15.860912338485832
2024-01-06,102.24818362513179
2024-01-07,-89.30900559354131
2024-01-08,-184.46879497881991
2024-01-09,189.7135450884357
2024-01-10,243.0198194476634
2024-01-11,-118.36194389868979
2024-01-12,-67.28970745618017
2024-01-13,-114.75125186612968
2024-01-14,-188.46697514160223
2024-01-15,152.46031254432592
2024-01-16,58.78833648438649
2024-01-17,183.20243921803103
2024-01-18,-111.84321367585653
2024-01-19,-77.04465147465726
2024-01-20,33.30641222014583
2024-01-21,-126.52899904861351
2024-01-22,328.0460965096445
2024-01-23,-7.4851690367277115
2024-01-24,181.58505476133087
2024-01-25,171.0991443877947
2024-01-26,-293.9804725330905
2024-01-27,-298.28916439086424
2024-01-28,-215.0958720247536
2024-01-29,300.30059806758345
2024-01-30,3.4369667816999936
2024-01-31,558.3635031709191
2024-02-01,-126.88192967084706
2024-02-02,30.29802396208197
2024-02-03,128.02061770007003
2024-02-04,193.9501377397246
2024-02-05,260.14419434300544
2024-02-06,190.78770850786805
2024-02-07,172.8072955380403
2024-02-08,24.53964521841226
2024-02-09,-41.1703791412383
2024-02-10,-302.2418369272591
2024-02-11,-260.8616368192588
2024-02-12,-43.899831120176714
2024-02-13,-25.142481665224295
2024-02-14,-51.9945491774497
2024-02-15,56.2458247593795
2024-02-16,-40.509873343594336
2024-02-17,-221.02688335861967
2024-02-18,57.124003022747274
2024-02-19,-308.3705380016654
2024-02-20,21.493596398051523
2024-02-21,-106.94990492338275
2024-02-22,-308.70599882323677
2024-02-23,-85.66331646901381
2024-02-24,-190.04774410198115
2024-02-25,115.75568228581506
2024-02-26,13.702987904533984
2024-02-27,-116.9535316046613
2024-02-28,377.17838681608464
2024-02-29,93.20680555077797
2024-03-01,-53.851377563969436
2024-03-02,-210.3405966766486
2024-03-03,-249.1637238324165
2024-03-04,-42.231900048080206
2024-03-05,237.44404713097174
2024-03-06,308.418479891855
2024-03-07,157.86577437819142
2024-03-08,-237.08380429969657
2024-03-09,-303.573458855044
2024-03-10,-60.93303965755604
2024-03-11,-296.67084766054086
2024-03-12,180.6372182021032
2024-03-13,26.719195525192845
2024-03-14,-53.76548260787695
2024-03-15,-307.69538632107106
2024-03-16,20.2789075043911
2024-03-17,-179.35558003934875
2024-03-18,-120.59841521022736
2024-03-19,-282.57526454202707
2024-03-20,231.0145794955797
2024-03-21,321.01821875003134
2024-03-22,169.43562835603916
2024-03-23,-196.54992296892942
2024-03-24,-103.54022254336815
2024-03-25,136.8652895678888
2024-03-26,-42.428217239912556
2024-03-27,212.57012715484143
2024-03-28,151.80956014899402
2024-03-29,113.58961893795913
2024-03-30,-155.5582644360311
2024-03-31,-90.20229613877655
2024-04-01,-110.16735350771523
2024-04-02,-1.9133703840907401
2024-04-03,84.8814711949044
2024-04-04,80.59256066641956
2024-04-05,46.864384994998545
2024-04-06,-280.01851031896877
2024-04-07,165.66305274225397
2024-04-08,-115.04482479646231
2024-04-09,75.57450265513853
2024-04-10,-64.82508577836325
2024-04-11,-353.80122853029934
2024-04-12,111.5014955361521
2024-04-13,-81.17593528635643
2024-04-14,-172.4205264051252
2024-04-15,-0.9094820680884368
2024-04-16,120.84249142515
2024-04-17,-205.35739330201068
2024-04-18,-40.56224880143418
2024-04-19,17.917385391837342
2024-04-20,-371.0372273114399
2024-04-21,-15.039543350592794
2024-04-22,-241.76758658417384
2024-04-23,189.69293571607705
2024-04-24,34.86540994663392
2024-04-25,-236.50045120007417
2024-04-26,143.2629056339565
2024-04-27,-292.6133753058584
2024-04-28,-173.69809792871
2024-04-29,60.53226188232111
2024-04-30,247.4122006436519
2024-05-01,-109.20757936457994
2024-05-02,66.29030438147765
2024-05-03,-26.759134700922914
2024-05-04,-32.329737997206394
2024-05-05,-88.49347620854951
2024-05-06,-59.83288761131644
2024-05-07,-41.242777440588725
2024-05-08,117.46248431658205
2024-05-09,-166.39534166058274
2024-05-10,-480.3001044177845
2024-05-11,52.2747928122626
2024-05-12,37.16064288816324
2024-05-13,-356.88714885670925
2024-05-14,47.104423472736016
2024-05-15,232.31739760513665
2024-05-16,333.969219288615
2024-05-17,-122.22456178775428
2024-05-18,-200.49568501486738
2024-05-19,-71.40288847763713
2024-05-20,235.61741771268225
2024-05-21,-56.683004580657325
2024-05-22,5.230882772524637
2024-05-23,-32.94040803481312
2024-05-24,-199.3495680426022
2024-05-25,-62.29868258822262
2024-05-26,162.0985739956477
2024-05-27,-1.3496645499644728
2024-05-28,36.818341013769896
2024-05-29,35.473480274123176
2024-05-30,-226.49596637850755
2024-05-31,96.82988782727534
2024-06-01,-188.91874585187907
2024-06-02,-115.68401758280834
2024-06-03,472.70533258568594
2024-06-04,-25.214545697321228
2024-06-05,-64.79148833291129
2024-06-06,-80.46362079982191
2024-06-07,53.303949376016135
2024-06-08,-208.97405195543888
2024-06-09,-357.2330228323699
2024-06-10,136.3672798855796
2024-06-11,-119.83769869447951
2024-06-12,339.8419688926997
2024-06-13,32.76931427322506
2024-06-14,-247.44023501129595
2024-06-15,10.40117628957978
2024-06-16,-207.3353347424054
2024-06-17,56.33002523510277
2024-06-18,31.922902114875797
2024-06-19,-146.74460972896486
2024-06-20,-141.4260276750283
2024-06-21,10.219453262734532
2024-06-22,-294.8149508481456
2024-06-23,-200.98281172368024
2024-06-24,-196.06879177887095
2024-06-25,121.83806257288597
2024-06-26,319.84126375748383
2024-06-27,-273.50042840715014
2024-06-28,-75.9539567993379
2024-06-29,33.72650401979172
2024-06-30,-188.80368854736207
2024-07-01,45.28904489762317
2024-07-02,-135.82609430225511
2024-07-03,161.80611108469566
2024-07-04,-65.06846587714517
2024-07-05,62.1791278489427
2024-07-06,-2.9346941159928974
2024-07-07,248.64599059481952
2024-07-08,-29.837421161205384
2024-07-09,86.50271760292253
2024-07-10,54.39159685092454
2024-07-11,-89.0854376278835
2024-07-12,-61.01075856118041
2024-07-13,-221.99040415755007
2024-07-14,-84.74153808426217
2024-07-15,162.41784406165107
2024-07-16,-154.47171775913512
2024-07-17,268.47286463262935
2024-07-18,122.6701895964975
2024-07-19,-174.1192436579504
2024-07-20,-473.86507926249305
2024-07-21,-126.28916624485919
2024-07-22,192.59275966133555
2024-07-23,19.602912377911707
2024-07-24,-68.98745884062737
2024-07-25,-30.912121695163933
2024-07-26,63.1712172011712
2024-07-27,-62.765880337188264
2024-07-28,-125.10232103233739
2024-07-29,-22.600938594974195
2024-07-30,53.04019020974965
2024-07-31,-14.559274600961999
2024-08-01,320.7236843224873
2024-08-02,-159.02696269384796
2024-08-03,118.75074266180582
2024-08-04,124.68130443021528
2024-08-05,134.42956907905545
2024-08-06,1.0101348355642585
2024-08-07,177.89458557261605
2024-08-08,-3.0356722903020454
2024-08-09,-202.18333112562595
2024-08-10,-32.712667161520585
2024-08-11,-265.10669489885913
2024-08-12,250.11717495772427
2024-08-13,-22.578556133038546
2024-08-14,160.16991281451783
2024-08-15,58.58955340620787
2024-08-16,-108.46239764585198
2024-08-17,-7.358198931069182
2024-08-18,-161.10997199809253
2024-08-19,177.94851506816622
2024-08-20,-139.04212734432986
2024-08-21,181.83539676318696
2024-08-22,312.04604230751056
2024-08-23,-278.99838039095357
2024-08-24,-158.3169473262633
2024-08-25,31.65143621859943
2024-08-26,38.4755276214355
2024-08-27,157.36788334132825
2024-08-28,168.8632768701391
2024-08-29,113.00378949566402
2024-08-30,82.65216090709282
2024-08-31,-88.4904418538813
2024-09-01,-123.95256723569264
2024-09-02,122.17355300617919
2024-09-03,342.20228545284454
2024-09-04,-9.082671230165033
2024-09-05,-131.8121935737954
2024-09-06,106.19605011029125
2024-09-07,-200.19731226405793
2024-09-08,-410.1117616232664
2024-09-09,209.1807152955048
2024-09-10,-39.970076891627286
2024-09-11,109.20015296289284
2024-09-12,71.72669202237739
2024-09-13,-45.10453830712868
2024-09-14,-4.200454846990397
2024-09-15,-154.86162685200497
2024-09-16,126.40211162511287
2024-09-17,45.60166728341392
2024-09-18,237.36125205974986
2024-09-19,102.8247742902272
2024-09-20,-210.37584791415247
2024-09-21,108.38241391059182
2024-09-22,-179.67717415314746
2024-09-23,192.9482611733024
2024-09-24,135.66590962926512
2024-09-25,388.8286350867643
2024-09-26,-64.5521894884937
2024-09-27,-87.99626224969552
2024-09-28,-96.08347365075997
2024-09-29,-101.03650723247893
2024-09-30,166.83157402348616
2024-10-01,-159.9995842674598
2024-10-02,27.713555937194997
2024-10-03,-72.2092149430182
2024-10-04,158.12715891223843
2024-10-05,156.724685424545
2024-10-06,-96.66710060002151
2024-10-07,50.765020318220195
2024-10-08,152.81518632920734
2024-10-09,314.8344092251473
2024-10-10,-115.09112992295286
2024-10-11,54.09575978051407
2024-10-12,62.47716341559908
2024-10-13,13.709327574886629
2024-10-14,70.52217930042934
2024-10-15,274.30960124472267
2024-10-16,-318.6195970528288
2024-10-17,269.96478238461304
2024-10-18,-173.17906853719705
2024-10-19,-304.82338022210524
2024-10-20,117.28094893222078
2024-10-21,259.4143162248388
2024-10-22,82.88228452195335
2024-10-23,308.1855358675534
2024-10-24,274.0556884477719
2024-10-25,117.31235146338395
2024-10-26,118.44365156676122
2024-10-27,-1.8995362290129378
2024-10-28,9.534658368134387
2024-10-29,-152.43441401494738
2024-10-30,113.10386235738679
2024-10-31,-102.957959638175
2024-11-01,294.638079647882
2024-11-02,-224.7096487797753
2024-11-03,-35.707890974447764
2024-11-04,84.44256952393971
2024-11-05,75.90562280100221
2024-11-06,341.79649937790646
2024-11-07,-147.3735753917731
2024-11-08,-22.523977040464615
2024-11-09,-252.98552975910206
2024-11-10,-250.0903124380793
2024-11-11,-29.642695395447845
2024-11-12,116.36280445679768
2024-11-13,50.52191085570985
2024-11-14,-35.670857073244406
2024-11-15,-220.16300943154465
2024-11-16,-23.743926430702686
2024-11-17,-241.6193282453687
2024-11-18,268.2972447094412
2024-11-19,150.5878999861161
2024-11-20,-27.684589982939542
2024-11-21,126.17983895607495
2024-11-22,-70.0507330242599
2024-11-23,80.03499118400032
2024-11-24,233.65977227094163
2024-11-25,-192.34965818086448
2024-11-26,311.63373469331964
2024-11-27,177.45267113089767
2024-11-28,263.81157487654764
2024-11-29,56.84388600266357
2024-11-30,-107.4420709069691
2024-12-01,21.360554395656436
2024-12-02,24.034024664098524
2024-12-03,398.95629315741326
2024-12-04,165.79419163803004
2024-12-05,417.7618895013479
2024-12-06,-63.59764506172314
2024-12-07,-128.5261600581107
2024-12-08,-210.20287512424238
2024-12-09,-129.22704850023592
2024-12-10,-10.90103322751338
2024-12-11,270.5670071720547
2024-12-12,166.25333932960393
2024-12-13,-240.54967301382294
2024-12-14,162.66840476003472
2024-12-15,-113.07414104617646
2024-12-16,140.09790845964744
2024-12-17,391.9918631121809
2024-12-18,229.5840230847134
2024-12-19,0.5256149986907985
2024-12-20,-157.12809986788216
2024-12-21,-375.5559134527962
2024-12-22,-69.41533809839484
2024-12-23,42.547414231915354
2024-12-24,-2.260709951737681
2024-12-25,158.76491437137292
2024-12-26,83.63396210608653
2024-12-27,-57.08162058626658
2024-12-28,-153.14314236125847
2024-12-29,23.18114634252879
2024-12-30,123.2189649676252
2024-12-31,-39.71294242194699
2025-01-01,373.14690834889416
2025-01-02,-28.83706523651381
2025-01-03,-32.09691302550027
2025-01-04,4.294267955087889
2025-01-05,-50.604467608798586
2025-01-06,162.35923234673737
2025-01-07,102.16904523203357
2025-01-08,-8.516842348724822
2025-01-09,93.1311260032262
2025-01-10,-269.0160921548495
2025-01-11,-55.417898525342935
2025-01-12,-96.26673573910557
2025-01-13,-10.41165444258695
2025-01-14,77.35794591359263
2025-01-15,-181.60961835405396
2025-01-16,18.262591855815117
2025-01-17,-27.199027829158695
2025-01-18,-68.30059147539123
2025-01-19,-205.79370484582978
2025-01-20,279.1679248092314
2025-01-21,-59.020321051032624
2025-01-22,317.892801312184
2025-01-23,73.53861837712157
2025-01-24,-143.6733390816671
2025-01-25,205.34383470534885
2025-01-26,-299.3971891092315
2025-01-27,233.56998631542956
2025-01-28,215.8089747692984
2025-01-29,-22.86181389469766
2025-01-30,267.1129698050099
2025-01-31,-164.72321919201931
2025-02-01,-55.06301284707388
2025-02-02,-60.531666669503466
2025-02-03,-22.714781170005153
2025-02-04,202.14883319687306
2025-02-05,160.45781003510092
2025-02-06,-295.35713453980316
2025-02-07,165.9894119407245
2025-02-08,-456.3416362011385
2025-02-09,128.4772446176221
2025-02-10,102.39335882935848
2025-02-11,-134.91734842512687
2025-02-12,39.46520770480856
2025-02-13,-165.89497820089673
2025-02-14,-88.6060261934781
2025-02-15,-174.8104618494126
2025-02-16,39.900265767363635
2025-02-17,170.73595138853398
2025-02-18,238.62514346801436
2025-02-19,-62.60973611537884
2025-02-20,-13.670670097311813
2025-02-21,-351.3375242505499
2025-02-22,-193.45423359900087
2025-02-23,77.01880431549398
2025-02-24,211.91446054182597
2025-02-25,-163.49191403144505
2025-02-26,44.283870306186145
2025-02-27,17.313378938933056
2025-02-28,-34.53654302722862
2025-03-01,-252.75045090300773
2025-03-02,19.87194156478472
2025-03-03,-78.1885833927563
2025-03-04,115.11737612820889
2025-03-05,173.91508552106916
2025-03-06,7.27637640692592
2025-03-07,-134.61730208952486
2025-03-08,-111.82754162948913
2025-03-09,-85.41583476952837
2025-03-10,-30.50451914923633
2025-03-11,69.7753422163969
2025-03-12,348.9608536824526
2025-03-13,43.67998755410281
2025-03-14,-132.676356194218
2025-03-15,-12.30840020503183
2025-03-16,-170.12249187843008
2025-03-17,187.52173757524997
2025-03-18,71.80332920884848
2025-03-19,35.599472327353396
2025-03-20,50.94556844497947
2025-03-21,-371.08793312426224
2025-03-22,-265.453017889422
2025-03-23,-260.6645862840078
2025-03-24,51.21772814755968
2025-03-25,315.7634074785592
2025-03-26,338.527688642077
2025-03-27,-0.5965716715600138
2025-03-28,-64.34719302793837
2025-03-29,-468.80330592890186
2025-03-30,-147.74928968608037
2025-03-31,-152.14204653836168
2025-04-01,-20.204597369853218
2025-04-02,41.32911428893476
2025-04-03,-82.55438268973103
2025-04-04,-386.39277233328903
2025-04-05,48.976009099844305
2025-04-06,-293.57287164386526
2025-04-07,94.52593724093276
2025-04-08,377.7525720140711
2025-04-09,-124.75349713654123
2025-04-10,-325.70436633685676
2025-04-11,-26.73060508866547
2025-04-12,57.089839353642674
2025-04-13,193.6853594162476
2025-04-14,-234.48684310183307
2025-04-15,224.43107517154112
2025-04-16,-10.40235094791933
2025-04-17,29.846763673345777
2025-04-18,319.2672107433509
2025-04-19,-449.17252462264696
2025-04-20,14.874332894571126
2025-04-21,42.848580547320125
2025-04-22,216.4518091283917
2025-04-23,35.028265163837204
2025-04-24,28.06437597162312
2025-04-25,-192.0544174183051
2025-04-26,-108.33168032879712
2025-04-27,-195.93791933935609
2025-04-28,68.95466015820239
2025-04-29,-52.151732648063444
2025-04-30,107.13688585566797
2025-05-01,-68.24460649487719
2025-05-02,36.009783109326236
2025-05-03,-240.67739134039402
2025-05-04,-407.53803365771546
2025-05-05,195.34441262045675
2025-05-06,-172.30176463863336
2025-05-07,-29.184928839506938
2025-05-08,-115.64870489973873
2025-05-09,99.34389269991152
2025-05-10,-546.2115776241917
2025-05-11,437.4022147488413
2025-05-12,-14.615956470444871
2025-05-13,49.96413131416284
2025-05-14,4.127157809650271
2025-05-15,0.5365996142509175
2025-05-16,-79.06051799712168
2025-05-17,-103.95243355364255
2025-05-18,-92.34264095540311
2025-05-19,-63.90791088707465
2025-05-20,-22.60740425510903
2025-05-21,1.2499501494012293
2025-05-22,-82.69525202675959
2025-05-23,34.94875926437635
2025-05-24,-144.78843496913487
2025-05-25,-605.3613340726015
2025-05-26,159.43857833176298
2025-05-27,22.487304820579993
2025-05-28,41.9311341122384
2025-05-29,-85.06974445937158
2025-05-30,70.39484231856022
2025-05-31,-58.260122038479494
2025-06-01,-262.10077472543344
2025-06-02,67.57703160721576
2025-06-03,-114.45501382835118
2025-06-04,-105.50245563860972
2025-06-05,-50.05677955573174
2025-06-06,65.3398441017016
2025-06-07,-11.419412744939109
2025-06-08,-34.85455159142839
2025-06-09,99.02351755188647
2025-06-10,129.51153999056532
2025-06-11,-36.8466357593652
2025-06-12,94.41575622689925
2025-06-13,9.11495584979275
2025-06-14,-48.234830856245026
2025-06-15,50.13895101198705
2025-06-16,45.48985451665976
2025-06-17,78.07152198936365
2025-06-18,191.7218999324905
2025-06-19,-82.37163066693665
2025-06-20,-261.6692607760424
2025-06-21,-173.39000873790064
2025-06-22,-247.77270727256655
2025-06-23,-114.49440189427514
2025-06-24,39.538522760129126
2025-06-25,-68.3646788592032
2025-06-26,-33.59351105296082
2025-06-27,-380.64734663422405
2025-06-28,-29.61925652744594
2025-06-29,-104.42392404086877
2025-06-30,-102.6544829886061
2025-07-01,223.55359961538034
2025-07-02,215.14291514317665
2025-07-03,-242.60630974662035
2025-07-04,-106.37429364530999
2025-07-05,-190.6211701039556
2025-07-06,-154.06117606785392
2025-07-07,213.87424113093857
2025-07-08,75.13782705683388
2025-07-09,115.62205262769112
2025-07-10,-221.0428718620833
2025-07-11,158.544732328779
2025-07-12,-271.10911573733983
2025-07-13,60.013639264157064
2025-07-14,119.0077024775992
2025-07-15,364.22599007230565
2025-07-16,-88.13258697553374
2025-07-17,-307.55835704528545
2025-07-18,132.49884023021878
2025-07-19,218.54467669730457
2025-07-20,124.80604931989365
2025-07-21,76.2608032399171
2025-07-22,65.27205272759693
2025-07-23,279.7689852749131
2025-07-24,-122.07957930890825
2025-07-25,77.25983874749454
2025-07-26,-38.76734488208331
2025-07-27,90.97352076613561
2025-07-28,396.6341179233664
2025-07-29,40.16161041609621
2025-07-30,-17.00430854094793
2025-07-31,-8.125215324909277
2025-08-01,-389.09537682294285
2025-08-02,-197.57554551968633
2025-08-03,-165.87449065556802
2025-08-04,-85.43176531192421
2025-08-05,95.00547200774417
2025-08-06,-70.44636712501688
2025-08-07,191.2492605552925
2025-08-08,-148.49588812030925
2025-08-09,-138.29912318717243
2025-08-10,-156.9841319280681
2025-08-11,25.809293555244494
2025-08-12,182.89767459089853
2025-08-13,-89.58487428955732
2025-08-14,-61.17071463209095
2025-08-15,-112.08352708464508
2025-08-16,-311.8265079572998
2025-08-17,-142.1577577370831
2025-08-18,-12.868165303335445
2025-08-19,269.2530799447759
2025-08-20,133.87762376432102
2025-08-21,85.06589856213395
2025-08-22,87.88433710212121
2025-08-23,-126.15365772586347
2025-08-24,32.28951299534583
2025-08-25,23.58550236540077
2025-08-26,178.69321549258393
2025-08-27,35.407218212073076
2025-08-28,-276.9757459949851
2025-08-29,51.198704513942175
2025-08-30,156.28947941509932
2025-08-31,79.94797687405025
2025-09-01,194.01345271473974
2025-09-02,295.64247002273396
2025-09-03,106.48653215450213
2025-09-04,87.6361533135223
2025-09-05,-144.52090410376513
2025-09-06,-108.7046596958653
2025-09-07,52.616477718699116
2025-09-08,199.92644744742756
2025-09-09,47.28954537795107
2025-09-10,50.98930579636681
2025-09-11,45.77925649668123
2025-09-12,28.605775224669742
2025-09-13,-345.33819423808836
2025-09-14,-349.4935287253502
2025-09-15,33.07433148582277
2025-09-16,-44.76937940193602
2025-09-17,111.36266724105644
2025-09-18,69.3839913142092
2025-09-19,-69.50805513210935
2025-09-20,191.73509498448766
2025-09-21,-13.352129335743939
2025-09-22,126.63695223697323
2025-09-23,236.13344668105947
2025-09-24,-37.168495483697825
2025-09-25,284.8158740318513
2025-09-26,-68.94861673260266
2025-09-27,56.578647707448
2025-09-28,-210.9475998763396
2025-09-29,-115.8114154880559
2025-09-30,325.34523951208985
2025-10-01,177.68229194939977
2025-10-02,-59.641510170878064
2025-10-03,-104.16439339803219
2025-10-04,148.33846421581075
2025-10-05,-232.80271255228217
2025-10-06,383.7150769975351
2025-10-07,-52.52478561000953
2025-10-08,299.2951819008222
2025-10-09,-5.002296217236562
2025-10-10,97.53457449580264
2025-10-11,-172.1405932118223
2025-10-12,-19.416270579538832
2025-10-13,72.3110143276831
2025-10-14,-5.756251738510855
2025-10-15,293.4450932016912
2025-10-16,-34.68666061584372
2025-10-17,-29.23836484645153
2025-10-18,-205.08207946548055
2025-10-19,-365.680850790583
2025-10-20,149.76659498067875
2025-10-21,526.990946726633
2025-10-22,202.20792711803415
2025-10-23,69.68392282664945
2025-10-24,-47.87931451607392
2025-10-25,-42.93137419833511
2025-10-26,62.92858104504376
2025-10-27,-126.43110346308413
2025-10-28,362.58520235730475
2025-10-29,202.76699003722842
2025-10-30,158.87778990021616
2025-10-31,5.628760138140024
2025-11-01,-92.12710969197997
2025-11-02,50.293284674683036
2025-11-03,100.24781361559826
2025-11-04,31.90003846298623
2025-11-05,33.503214314866
2025-11-06,63.674747547461266
2025-11-07,165.720317364322
2025-11-08,-353.70243591528833
2025-11-09,-234.6360461476993
2025-11-10,95.57261537370641
2025-11-11,106.11610122118054
2025-11-12,140.4288613081958
2025-11-13,74.25873342610112
2025-11-14,-91.01209600572565
2025-11-15,144.61493262255635
2025-11-16,-352.6060241101677
2025-11-17,-11.015175009514678
2025-11-18,126.44109249988469
2025-11-19,-106.58245883733434
2025-11-20,107.428068301253
2025-11-21,238.47482972755733
2025-11-22,-110.75438144067084
2025-11-23,30.476044079267922
2025-11-24,-126.27128547023813
2025-11-25,115.50596817537462
2025-11-26,122.88791374567518
2025-11-27,67.88155716506435
2025-11-28,213.4896080423091
2025-11-29,4.016288400774101
2025-11-30,-178.84406218266486
2025-12-01,175.21788163207202
2025-12-02,226.86747162055826
2025-12-03,327.41361657431025
2025-12-04,284.4146430956589
2025-12-05,-219.51402918635858
2025-12-06,-141.49062492437133
2025-12-07,-191.0594666562879
2025-12-08,81.12998708021632
2025-12-09,223.01307470185293
2025-12-10,282.9816567048788
2025-12-11,26.64858031135509
2025-12-12,-65.72832634481756
2025-12-13,-39.32624817403621
2025-12-14,-167.1616040691756
2025-12-15,403.2323278014619
2025-12-16,-201.1956205658994
2025-12-17,228.3854879382484
2025-12-18,332.02868189871606
2025-12-19,-117.97857966859783
2025-12-20,-121.43195153657416
2025-12-21,-115.93027627274932
2025-12-22,7.6595537533935385
2025-12-23,310.0174881888811
2025-12-24,-290.4888777580745
2025-12-25,348.6209846898023
2025-12-26,-358.79714700080285
2025-12-27,-78.03232858184492
2025-12-28,-136.8867468681574
2025-12-29,141.00631644935675
2025-12-30,-162.80691514019418
2025-12-31,253.193468846388
2026-01-01,324.2882204217558
2026-01-02,-316.24901544085515
2026-01-03,-3.3800251767406735
2026-01-04,-164.60496147138474
2026-01-05,136.36645107036475
2026-01-06,105.35905882482803
2026-01-07,29.56909991772409
2026-01-08,150.98538360583007
2026-01-09,208.60416616616385
2026-01-10,-180.7897134607192
2026-01-11,67.70269531848953
2026-01-12,-195.96498135745423
2026-01-13,16.25505456052997
2026-01-14,209.89591891697273
2026-01-15,245.2077648073082
2026-01-16,-55.193049836933824
2026-01-17,-157.90240203841313
2026-01-18,-60.26793087859551
2026-01-19,-169.08868511842866
2026-01-20,236.51397919235023
2026-01-21,203.84877895292993
2026-01-22,-69.72642324522985
2026-01-23,-119.65890067534565
2026-01-24,-57.95234256913045
2026-01-25,-149.48998255000424
2026-01-26,29.588698624973404
2026-01-27,410.8869879753547
2026-01-28,-23.696509772123136
2026-01-29,-18.40803865587077
2026-01-30,-170.8520034189678
2026-01-31,14.58550153426313
2026-02-01,-143.04355749478054
2026-02-02,-76.08628050411608
2026-02-03,303.1192546724651
2026-02-04,244.99427386232674
2026-02-05,-132.91601793798418
2026-02-06,-345.1102725845876
2026-02-07,83.37548870326191
2026-02-08,-239.83706278884893
2026-02-09,157.9183377572408
2026-02-10,-254.51093344578567
2026-02-11,302.82884225598536
2026-02-12,-214.15361842586572
2026-02-13,97.64487476206523
2026-02-14,-149.99693767484496
2026-02-15,-204.40339219710586
2026-02-16,-7.182594280058765
2026-02-17,220.72644082589795
2026-02-18,93.35724243406185
2026-02-19,125.4065224797323
2026-02-20,208.76936704210584
2026-02-21,-417.24181599023996
2026-02-22,232.20829104348468
2026-02-23,-48.84002492932905
2026-02-24,-47.85916918256771
2026-02-25,-89.92039890927845
2026-02-26,29.599959220307028
2026-02-27,62.949228463801774
2026-02-28,-172.08878879123495
2026-03-01,153.16923776622662
2026-03-02,-276.4647783126329
2026-03-03,138.2950277333257
2026-03-04,-122.00127971475013
2026-03-05,118.02583883896659
2026-03-06,29.777103993820674
2026-03-07,-214.696461612064
2026-03-08,-461.17856239655157
2026-03-09,138.72144629514696
2026-03-10,136.1732556037823
2026-03-11,151.94837268802803
2026-03-12,192.76480861049822
2026-03-13,-278.1436688225458
2026-03-14,27.101303497450317
2026-03-15,62.67261565689023
2026-03-16,-305.0291181954153
2026-03-17,198.08097543661643
2026-03-18,-22.335009300580168
2026-03-19,22.743229912351126
2026-03-20,-35.29243263123499
2026-03-21,-211.72489701093946
2026-03-22,-173.05249805872336
2026-03-23,32.79075082644886
2026-03-24,-88.63410695474431
2026-03-25,-32.07228476239925
2026-03-26,155.3111362940108
2026-03-27,-270.1491044931554
2026-03-28,39.02299652090096
2026-03-29,-33.44984020642005
2026-03-30,-251.163277970727
2026-03-31,61.64741661147855
2026-04-01,298.83178671243604
2026-04-02,-160.88207120960305
2026-04-03,-85.76180339645998
2026-04-04,-23.850963512071758
2026-04-05,36.26488639661238
2026-04-06,-42.58191128976978
2026-04-07,16.935369282517968
2026-04-08,326.0081712361134
2026-04-09,219.40713731537198
2026-04-10,-1.252603291842206
2026-04-11,-166.51800064867984
2026-04-12,-243.83876822624097
2026-04-13,-129.85757767764426
2026-04-14,145.38365112338215
2026-04-15,80.30440843849374
2026-04-16,161.94058277373097
2026-04-17,-94.06079802372005
2026-04-18,-434.93685194836235
2026-04-19,59.63327015953837
2026-04-20,-266.16477059312365
2026-04-21,-1.0389130945577563
2026-04-22,55.93440241219196
2026-04-23,234.10114669165796
2026-04-24,234.37907689569238
2026-04-25,-231.07383854932687
2026-04-26,-230.72670812732758
2026-04-27,-23.046128545566717
2026-04-28,73.1571737752356
2026-04-29,-117.72195626956818
2026-04-30,170.7990068330355
2026-05-01,-248.81617056395498
2026-05-02,-181.34081508452527
2026-05-03,-144.65932961896488
2026-05-04,-90.31250946926593
2026-05-05,53.88300231969242
2026-05-06,-178.82988392606967
2026-05-07,-182.00323811799717
2026-05-08,-358.11153048118285
2026-05-09,-133.17131982185492
2026-05-10,-94.50103181988925
2026-05-11,-46.59914063339238
2026-05-12,225.6690716744115
2026-05-13,-71.46670629950768
2026-05-14,30.42982200757433
2026-05-15,-361.7240973669759
2026-05-16,-214.06802405222243
2026-05-17,-41.889181446697876
2026-05-18,50.831650898348016
2026-05-19,-45.621485531012695
2026-05-20,40.26383039632765
2026-05-21,-259.66443156254263
2026-05-22,-103.78901464050614
2026-05-23,-2.411933979051355
2026-05-24,-36.883159727563
2026-05-25,59.63240190648776
2026-05-26,70.56082453087674
2026-05-27,83.43779112049924
2026-05-28,-84.7682534341302
2026-05-29,56.333712524577095
2026-05-30,-79.41625971628218
2026-05-31,-10.771588717077975
2026-06-01,-80.62696913015225
2026-06-02,-208.60933465995367
2026-06-03,345.7509018632081
2026-06-04,-89.49183105938027
2026-06-05,-154.17979909589485
2026-06-06,36.64576445643797
2026-06-07,-140.2098073695115
2026-06-08,217.445663035096
2026-06-09,159.41978643893526
2026-06-10,192.27363123620398
2026-06-11,-204.2251176167547
2026-06-12,168.69237264331787
2026-06-13,-132.60765906976212
2026-06-14,-136.53964087643726
2026-06-15,37.00523582961887
2026-06-16,-195.90197232592163
2026-06-17,210.60944682869467
2026-06-18,-169.2877122169093
2026-06-19,-236.9514862248925
2026-06-20,-300.4022877935986
2026-06-21,153.37327757922048
2026-06-22,-115.81551598743044
2026-06-23,369.04506706218854
2026-06-24,-45.04629813424799
2026-06-25,-196.79310262814397
2026-06-26,-174.4289519915892
2026-06-27,125.28652030899138
2026-06-28,-132.84286469189828
2026-06-29,-31.41135524011952
2026-06-30,146.69301773895222
2026-07-01,179.9146465781614
2026-07-02,182.78191678676012
2026-07-03,114.49305699188244
2026-07-04,-225.41924975590518
2026-07-05,-266.05398847658125
2026-07-06,-16.136798453761003
2026-07-07,130.39146133755003
2026-07-08,-73.40013835674745
2026-07-09,-91.21896349010149
2026-07-10,4.541285606639576
2026-07-11,-138.13197475369998
2026-07-12,-67.4247342955141
2026-07-13,-100.3670411037865
2026-07-14,86.11020316888607
2026-07-15,-36.339163176407965
2026-07-16,198.717547065924
2026-07-17,54.73801637685756
2026-07-18,-418.121793936064
2026-07-19,-133.6681704507164
2026-07-20,-170.93278168129655
2026-07-21,75.75926122129204
2026-07-22,133.35383534191533
